question,answer
2 birds were sitting on the fence . 4 more birds came to join them . How many birds are sitting on the fence ?,2 + 4 = 6 #### 6
A bee has 6 legs . How many legs do 2 bees have ?,6 * 2 = 12 #### 12
"A bathing suit manufacturer has a supply of 14797 bathing suits for men . In addition , it has 4969 bathing suits for women . How many bathing suits are available overall ?",14797 + 4969 = 19766 #### 19766
Larry has 67 cards . Dennis takes 9 away . How many cards will Larry have ?,67 - 9 = 58 #### 58
There are 27 pencils in the drawer . Nancy placed 45 more pencils in the drawer . How many pencils are now there in total ?,27 + 45 = 72 #### 72
"Ned had to wash 9 short sleeve shirts and 21 long sleeve shirts before school . If he had only washed 29 of them by the time school started , how many did he not wash ?",9 + 21 - 29 = 1 #### 1
"In 1986 , there were 1125 students in Central High School . The number of students enrolled in 1987 was 4 % less than in 1986 . How many students were enrolled in 1987 ?",1125 * ( 1.0 - 4 * 0.01 ) = 1080 #### 1080
"So far , an orchard has sold a combined total of 9792 pounds of fresh and frozen fruit this season . If they have sold 3513 pounds of frozen fruit , how many pounds of fresh fruit have been sold so far ?",9792 - 3513 = 6279 #### 6279
Todd has some gum . Steve gave him 16 more pieces of gum . Now Todd has 54 pieces of gum . How many pieces did Todd have to start with ?,54 - 16 = 38 #### 38
"Mike picked 7 apples , Nancy picked 3 apples , and Keith picked 6 apples and 4 pears , at the farm . How many apples were picked in total ?",7 + 3 + 6 = 16 #### 16
Theresa has 32 crayons . Janice has 12 crayons . She shares 13 with Nancy . How many crayons will Theresa have ?,32 - 13 = 19 #### 19
Connie had some marbles . She gave 183 to Juan . Now she has 593 marbles left . How many did she have to start with ?,183 + 593 = 776 #### 776
"A new building needed 12 windows . The builder had already installed 6 of them . If it takes 4 hours to install each window , how long will it take him to install the rest ?",4 * ( 12 - 6 ) = 24 #### 24
"Paige had 8 songs on her mp3 player . If she deleted 5 old songs from it and then added 30 new songs , how many songs does she have on her mp3 player ?",8 + 30 - 5 = 33 #### 33
"A worksheet had 7 problems on it . If a teacher had 17 worksheets to grade and had already graded 8 of them , how many more problems does she have to grade ?",7 * ( 17 - 8 ) = 63 #### 63
"Alyssa bought some toys . She bought a football for $ 5.71 , and spent $ 6.59 on marbles . In total , how much did Alyssa spend on toys ?",5.71 + 6.59 = 12.3 #### 12.3
"While making desserts for a bake sale , Victor used 0.62 scoop of brown sugar as well as 0.25 scoop of white sugar . How much more brown sugar did Victor use ?",0.62 - 0.25 = 0.38 #### 0.38
Sara has 9 dozen golf balls . How many golf balls does she have ?,9 * 12.0 = 108 #### 108
Pamela has 50 Skittles . She gives 7 to Karen . How many Skittles will Pamela have ?,50 - 7 = 43 #### 43
"Sue ’ s mother made 75 cookies . She put the cookies in bags , with 3 cookies in each bag . How many bags could she fill up ?",75 / 3 = 25 #### 25
Tori was 4.4 feet tall . Then she grew 2.86 feet taller . How tall is Tori now ?,4.4 + 2.86 = 7.26 #### 7.26
"Carefully following a recipe , Kenny used exactly 0.17 cup of oil and 1.17 cups of water . How many cups of liquid did Kenny use in all ?",0.17 + 1.17 = 1.33 #### 1.33
"There were 17 girls and 32 boys trying out for the schools basketball team . If only 10 of them got called back , how many students did n't make the cut ?",17 + 32 - 10 = 39 #### 39
Marcia spent 300 minutes working on her science project . How many hours did Marcia spend on her science project ?,300 / 60.0 = 5 #### 5
"Zoe had 6 songs on her mp3 player . If she deleted 3 old songs from it and then added 20 new songs , how many songs does she have on her mp3 player ?",6 + 20 - 3 = 23 #### 23
"At a pizza party , Mason and his friends drank 2.67 bottles of lemon - lime soda and 2.67 bottles of cola . How much soda did they drink in all ?",2.67 + 2.67 = 5.33 #### 5.33
"For the fifth grade play , the chairs have been put into 27 rows with 16 chairs in each row . How many chairs have been put out for the play ?",27 * 16 = 432 #### 432
Keith grew 6 turnips . Alyssa grew 9 turnips . How many turnips did they grow in all ?,6 + 9 = 15 #### 15
There are 4 walnut trees currently in the park . Park workers will plant 6 walnut trees today . How many walnut trees will the park have when the workers are finished ?,4 + 6 = 10 #### 10
There are 39 scissors and 22 pencils in the drawer . Dan placed 13 scissors in the drawer . How many scissors are now there in total ?,39 + 13 = 52 #### 52
"Tom had 5 books . If he sold 4 of them and used the money he earned to buy 38 new books , how many books would Tom have ?",5 + 38 - 4 = 39 #### 39
"Amy was playing a video game where she scores 4 points for each treasure she finds . If she found 6 treasures on the first level and 2 on the second , what would her score be ?",4 * ( 6 + 2 ) = 32 #### 32
In fourth grade there were 40 students at the start of the year . During the year 14 students left and 26 new students came to school . How many students were in fourth grade at the end ?,40 + 26 - 14 = 52 #### 52
Nancy bought 615 crayons that came in packs of 15 . How many packs of crayons did Nancy buy ?,615 / 15 = 41 #### 41
Roger has 95 candies . He gives 3 to Stephanie . How many candies will Roger have ?,95 - 3 = 92 #### 92
"An oil pipe in the sea broke . Before engineers started to fix the pipe , 6522 liters of oil leaked into the water . While the engineers worked , the pipe leaked 5165 more liters of oil . In all , how many liters of oil leaked into the water ?",6522 + 5165 = 11687 #### 11687
"At the arcade , Tom won 32 tickets playing ' whack a mole ' and 25 tickets playing ' skee ball ' . If he spent 7 of his tickets on a hat , how many tickets does Tom have left ?",32 + 25 - 7 = 50 #### 50
"John had 33 socks . If he threw away 19 old ones that did n't fit and bought 13 new ones , how many socks would he have ?",33 + 13 - 19 = 27 #### 27
Harry starts with 79 apples . He buys 5 more . How many apples does Harry end with ?,79 + 5 = 84 #### 84
"Ryan has 72 marbles and 17 blocks . If he shares the marbles among 9 friends , how many marbles does each friend get ?",72 / 9 = 8 #### 8
"Jane has 28 old , brown sheets of drawing paper and 27 old , yellow sheets of drawing paper . How many pieces of drawing paper does she have ?",28 + 27 = 55 #### 55
Keith has 20 books . Jason has 21 books . How many books do they have together ?,20 + 21 = 41 #### 41
"Alyssa loves eating fruits . Alyssa paid $ 12.08 for grapes , and $ 9.85 for cherries . In total , how much money did Alyssa spend ?",12.08 + 9.85 = 21.93 #### 21.93
A marine biologist measured 1 fish that was 0.3 foot long and a second fish that was 0.2 foot long . How much longer was the first fish ?,0.3 - 0.2 = 0.1 #### 0.1
Nancy has 9 five dollars bills . How much money does she have ?,9 * 5.0 = 45 #### 45
Edward and his friend were buying trick decks from the magic shop for 9 dollars each . How much did they spend if Edward bought 4 decks and his friend bought 4 decks ?,9 * ( 4 + 4 ) = 72 #### 72
"Louise has 42 oranges stored in boxes . If there are 7 boxes , how many oranges must go in each box ?",42 / 7 = 6 #### 6
"Faye was playing a video game where she scores 7 points for each treasure she finds . If she found 2 treasures on the first level and 6 on the second , what would her score be ?",7 * ( 2 + 6 ) = 56 #### 56
"Before December , customers buy 1346 ear muffs from the mall . During December , they buy 6444 , and there are none . In all , how many ear muffs do the customers buy ?",1346 + 6444 = 7790 #### 7790
"At the hardware store , 0.25 the nails are size 2d and 0.5 the nails are size 4d . What fraction of the nails are either size 2d or 4d ?",0.25 + 0.5 = 0.75 #### 0.75
Jane starts with 87 crayons . 7 are eaten by a hippopotamus . How many crayons does Jane end with ?,87 - 7 = 80 #### 80
Emily collected eggs from the hen and put them into 303 baskets . She put 28 eggs into each basket . How many eggs did Emily collect ?,303 * 28 = 8484 #### 8484
Mrs. Hilt had 15 cents . She bought a pencil for 11 cents . How much money did she have left ?,15 - 11 = 4 #### 4
"Wendy was playing a video game and had 43 lives . In a hard part of the game she lost 8 lives . If she got 39 more lives in the next level , how many lives would she have ?",43 + 39 - 8 = 74 #### 74
"Mike invited 13 friends to a birthday party , but 7 could n't come . If he wanted to buy enough cupcakes so each person could have exactly 4 , how many should he buy ?",4 * ( 13 - 7 ) = 24 #### 24
"Paige had 11 songs on her mp3 player . If she deleted 9 old songs from it and then added 8 new songs , how many songs does she have on her mp3 player ?",11 + 8 - 9 = 10 #### 10
"To fill an order , the factory dyed 61921 yards of silk green and 49500 yards pink . How many yards of silk did it dye for that order ?",61921 + 49500 = 111421 #### 111421
"Martha has 2 peanuts . Joyce has 26 peanuts . If Joyce gives all of her peanuts to Martha , how many peanuts will Martha have ?",2 + 26 = 28 #### 28
"A pet shelter had 9 puppies when another 12 were brought in . If 3 puppies a day are adopted , how long would it take for all of them to be adopted ?",( 9 + 12 ) / 3 = 7 #### 7
There are 9 oak trees currently in the park . Park workers had to cut down 2 oak trees that were damaged . How many oak trees will the park have when the workers are finished ?,9 - 2 = 7 #### 7
"Edward earned 4 dollars for each lawn he mowed . If he had 17 lawns to mow , but forgot to mow 9 of them , how much money did he actually earn ?",4 * ( 17 - 9 ) = 32 #### 32
Mandy made an apple pie . She used 0.67 tablespoon of cinnamon and 0.5 tablespoon of nutmeg . How much more cinnamon than nutmeg did Mandy use ?,0.67 - 0.5 = 0.17 #### 0.17
"A trivia team had 15 members total , but during a game 6 members did n't show up . If each member that did show up scored 3 points , how many points were scored total ?",3 * ( 15 - 6 ) = 27 #### 27
"Alyssa has 37 blue balloons , Sandy has 28 blue balloons , and Sally has 39 blue balloons . How many blue balloons do they have in all ?",37 + 28 + 39 = 104 #### 104
Cheryl starts with 8 Skittles . Kathryn gives Cheryl 89 more . How many Skittles does Cheryl end with ?,8 + 89 = 97 #### 97
Sara had 4 quarters and 8 dimes in her bank . Her sister borrowed 4 dimes . How many dimes does Sara have now ?,8 - 4 = 4 #### 4
"Mrs. Hilt impressed 2436 fans at the basketball game on Friday . If the fans were seated in equal groups on 3 sets of bleachers , how many fans were on each set ?",2436 / 3 = 812 #### 812
"Uncle Dave bought 143 ice cream sandwiches . If he wants to give them to his 11 hungry nieces , how many can each niece get ?",143 / 11 = 13 #### 13
"Luke was helping the cafeteria workers pick up lunch trays , but he could only carry 4 trays at a time . If he had to pick up 20 trays from one table and 16 trays from another , how many trips will he make ?",( 20 + 16 ) / 4 = 9 #### 9
Dan picked 9 limes and gave Sara 4 of the limes . How many limes does Dan have now ?,9 - 4 = 5 #### 5
Mary has 9 yellow marbles Joan has 3 yellow marbles . How many yellow marbles do they have in all ?,9 + 3 = 12 #### 12
There are 5 flowers and 3 bees . How many fewer bees are there than flowers ?,5 - 3 = 2 #### 2
"At a restaurant each adult meal costs $ 7 and kids eat free . If a group of 13 people came in and 9 were kids , how much would it cost for the group to eat ?",7 * ( 13 - 9 ) = 28 #### 28
"Megan was selling her necklaces at a garage sale . She sold 7 bead necklaces and 3 gem stone necklaces . If each necklace cost 9 dollars , how much money did she earn ?",9 * ( 7 + 3 ) = 90 #### 90
Joan has 8 orange balloons but lost 2 of them . How many orange balloons does Joan have now ?,8 - 2 = 6 #### 6
Larry starts with 91 cards . 17 are eaten by a hippopotamus . How many cards does Larry end with ?,91 - 17 = 74 #### 74
There are 33 oak trees currently in the park . Park workers had to cut down 18 oak trees that were damaged . How many oak trees will be in the park when the workers are finished ?,33 - 18 = 15 #### 15
The Sumata family took a 5 day vacation by car . Each day they drove 250 miles . How many total miles did they drive ?,5 * 250 = 1250 #### 1250
If Stephanie ran for 3 hours at 5 miles per hour . How far did Stephanie go ?,3 * 5 = 15 #### 15
"2 stockbrokers are making cold calls to potential customers regarding a hot IPO . One of the brokers is able to get a new client every 0.12 hour , and the other is able to get a new client every 0.2 hour . At what rate , in clients per hour , are the new clients being acquired when both are working ?",1.0 / 0.12 + 1.0 / 0.2 = 13 #### 13
There are 41 crayons and 26 pencils in the drawer . Sam placed 12 crayons in the drawer . How many crayons are now there in total ?,41 + 12 = 53 #### 53
"Paul made 68 dollars mowing lawns and 13 dollars weed eating . If he only spent 9 dollar a week , how long would the money last him ?",( 68 + 13 ) / 9 = 9 #### 9
Each cup contains 8 ounces . How many ounces are in 33 cups ?,8 * 33 = 264 #### 264
Dan has $ 3 . He bought a candy bar for $ 1 . How much money is left ?,3 - 1 = 2 #### 2
"Sally earns $ 12.5 an hour cleaning houses . If she works for 12 hours , how much money will she make ?",12.5 * 12 = 150 #### 150
"Haley picked 28 carrots from her garden . If she threw out 11 of them and then picked 9 more the next day , how many carrots would she have total ?",28 + 9 - 11 = 26 #### 26
Ted has 15 candy bars . He wants to put them into 5 bags so there are the same number of candy bars in each bag . How many candy bars should go in each bag ?,15 / 5 = 3 #### 3
"A neighborhood grocer sells a mix of chocolate and carob candy . The chocolate cost 2.7 dollars a pound and the carob costs 2.55 dollars a pound . If 20 pounds of the chocolate and 40 pounds of the carob candy are used , what is the cost per pound of the mixture in dollars ?",( 2.7 * 20 + 2.55 * 40 ) / ( 20 + 40 ) = 2.6 #### 2.6
Sally had 760 quarters in her bank . She spent 418 of her quarters . How many quarters does she have now ?,760 - 418 = 342 #### 342
"April 's discount flowers was having a sale where each flower was 3 dollars . If Zoe bought 8 roses and 2 daisies , how much did she spend ?",3 * ( 8 + 2 ) = 30 #### 30
"Mike joined his school 's band . He bought a trumpet for $ 145.16 , and a song book which was $ 5.84 . How much did Mike spend at the music store ?",145.16 + 5.84 = 151 #### 151
Carla has some marbles . She bought 489 marbles . Now she has 2778 marbles all together . How many did she start with ?,2778 - 489 = 2289 #### 2289
"Luke was trying to expand his game collection . He bought 2 games from a friend and bought 2 more at a garage sale . If 2 of the games did n't work , how many good games did he end up with ?",2 + 2 - 2 = 2 #### 2
"Haley had 27 music files and 42 video files on her flash drive . If she deleted 11 of the files , how many files were still on her flash drive ?",27 + 42 - 11 = 58 #### 58
Charles has 4 apples . Jessica gives Charles 39 more . How many apples does Charles have in all ?,4 + 39 = 43 #### 43
Kevin starts with 7 cards . He finds another 47 . How many cards does Kevin end with ?,7 + 47 = 54 #### 54
"Melanie picked 4 plums , Dan picked 9 plums , and Sally picked 3 plums from the plum tree . How many plums were picked in total ?",4 + 9 + 3 = 16 #### 16
A restaurant served 6 cakes during lunch and 9 during dinner today . How many cakes were served today ?,6 + 9 = 15 #### 15
"Dan has 64 violet marbles , he gave Mary 14 of the marbles . How many violet marbles does he now have ?",64 - 14 = 50 #### 50
"Sara grew 4 onions , Sally grew 5 onions , and Fred grew 9 onions . How many onions did they grow in all ?",4 + 5 + 9 = 18 #### 18
"A pet store has 9 bird cages . If each cage has 2 parrots and 2 parakeets in it , how many birds does the pet store have total ?",9 * ( 2 + 2 ) = 36 #### 36
There are 6 pencils and 7 rulers in the drawer . Benny placed 3 pencils in the drawer . How many pencils are now there in total ?,6 + 3 = 9 #### 9
Sally bought 4 dozen eggs from the grocery store to bake some cakes . How many eggs did Sally buy ?,4 * 12.0 = 48 #### 48
"On Wednesday , Joan spent 4 half - dollars playing pinball . The next day , she spent 14 half - dollars on pinball . What was the total amount Joan spent playing pinball ?",4 * 0.5 + 14 * 0.5 = 9 #### 9
Willy has 1400 crayons . Lucy has 290 crayons . How many more crayons does Willy have then Lucy ?,1400 - 290 = 1110 #### 1110
"Recently , the value of Kate 's retirement fund decreased by $ 12 . If her fund was worth $ 1472 before , how much is it worth now ?",1472 - 12 = 1460 #### 1460
Jeremy strolled 20 kilometers at 2 kilometers per hour . How long did Jeremy stroll ?,20 / 2 = 10 #### 10
"My car gets 20 miles per gallon of gas . If Grandma ’ s house is 100 miles away , how many gallons of gas would it take to get to her house ?",100 / 20 = 5 #### 5
Rachel bought two coloring books . One had 23 pictures and the other had 32 . After one week she had already colored 44 of the pictures . How many pictures does she still have to color ?,23 + 32 - 44 = 11 #### 11
Joan found 6 seashells and Jessica found 8 seashells on the beach . How many seashells did they find together ?,6 + 8 = 14 #### 14
"Janet was playing a video game and had 38 lives . In a hard part of the game she lost 16 lives . If she got 32 more lives in the next level , how many lives would she have ?",38 + 32 - 16 = 54 #### 54
Nancy grew 6 potatoes . Sandy grew 7 potatoes . How many potatoes did they grow in total ?,6 + 7 = 13 #### 13
"A waiter had 9 tables he was waiting on , with 7 women and 3 men at each table . How many customers total did the waiter have ?",9 * ( 7 + 3 ) = 90 #### 90
"At the arcade Victor won 46 tickets . If he spent 27 tickets on a beanie and later won 39 more tickets , how many would he have ?",46 + 39 - 27 = 58 #### 58
Mrs. Hilt saw a rollercoaster . 7 students rode the rollercoaster every 5 minutes . How many students rode the rollercoaster in 15 minutes ?,7 * ( 15 / 5 ) = 21 #### 21
"Adam had 5 dollars . At the store he spent $ 2 on a new game . If he got another 5 dollars for his allowance , how much money does he have now ?",5 + 5 - 2 = 8 #### 8
"Joyce has 40 bananas that must be put away in boxes . Fred comes to help and brings 18 cookies to share with Joyce . If there are 10 boxes , how many bananas must go in each box ?",40 / 10 = 4 #### 4
"Upon arriving at the circus , they went to the ticket booth and asked how much each ticket cost . If each ticket costs 44 dollars and they bought 7 tickets , how much money did they spend on tickets ?",44 * 7 = 308 #### 308
There are 12 birds on the fence . 8 more birds land on the fence . How many birds are on the fence ?,12 + 8 = 20 #### 20
Melanie had 10 quarters and 17 pennies in her bank . Her dad gave her 27 pennies and her mother gave her 19 pennies . How many pennies does Melanie have now ?,17 + 27 + 19 = 63 #### 63
"A teacher had 7 worksheets to grade . If she graded 2 , but then another 46 were turned in , how many worksheets would she have to grade ?",7 + 46 - 2 = 51 #### 51
There are 48 erasers in the drawer and 30 erasers on the desk . Alyssa placed 39 erasers and 45 rulers on the desk . How many erasers are now there in total ?,48 + 30 + 39 = 117 #### 117
There are 7 crayons in the drawer and 6 crayons on the desk . Sam placed 4 crayons and 8 scissors on the desk . How many crayons are now there in total ?,7 + 6 + 4 = 17 #### 17
"April 's discount flowers was having a sale where each rose was 4 dollars . If April started with 13 roses and had 4 roses left , how much money did she earn ?",4 * ( 13 - 4 ) = 36 #### 36
"A trivia team had 11 members total , but during a game 6 members did n't show up . If each member that did show up scored 9 points , how many points were scored total ?",9 * ( 11 - 6 ) = 45 #### 45
A pet store had 15 siamese cats and 49 house cats . During a sale they sold 19 cats . How many cats do they have left ?,15 + 49 - 19 = 45 #### 45
"Adam bought 2 boxes of chocolate candy and 5 boxes of caramel candy . If each box has 4 pieces inside it , how much candy did he have total ?",4 * ( 2 + 5 ) = 28 #### 28
"On Saturday , Sara spent $ 10.62 each on 2 tickets to a movie theater . Sara also rented a movie for $ 1.59 , and bought a movie for $ 13.95 . How much money in total did Sara spend on movies ?",10.62 * 2 + 1.59 + 13.95 = 36.78 #### 36.78
"Nancy and her mom were picking carrots from their garden . Nancy picked 38 and her mother picked 47 . If only 71 of the carrots were good , how many bad carrots did they have ?",38 + 47 - 71 = 14 #### 14
There are 33 walnut trees currently in the park . Park workers will plant 44 walnut trees today . How many walnut trees will the park have when the workers are finished ?,33 + 44 = 77 #### 77
"At the arcade Edward won 9 tickets . If he spent 4 tickets on a beanie and later won 4 more tickets , how many would he have ?",9 + 4 - 4 = 9 #### 9
"If 0.67 of a pound is worth 8 dollars , how much is 0.75 pounds worth ?",8 / 0.67 * 0.75 = 9 #### 9
"Jessica spent $ 10.22 on a cat toy , and a cage cost her $ 11.73 . What was the total cost of Jessica 's purchases ?",10.22 + 11.73 = 21.95 #### 21.95
"Melanie had 30 baseball cards , and 9 were torn . Sara bought 18 of Melanie 's baseball cards . How many baseball cards does Melanie have now ?",30 - 18 = 12 #### 12
A sandbox is 312 centimeters long and 146 centimeters wide . How many square centimeters of ground does the sandbox cover ?,312 * 146 = 45552 #### 45552
"A worksheet had 3 problems on it . If a teacher had 15 worksheets to grade and had already graded 7 of them , how many more problems does she have to grade ?",3 * ( 15 - 7 ) = 24 #### 24
"A new building needed 9 windows . The builder had already installed 6 of them . If it takes 6 hours to install each window , how long will it take him to install the rest ?",6 * ( 9 - 6 ) = 18 #### 18
"Adam had 48 books . If he sold 19 of them and used the money he earned to buy 38 new books , how many books would Adam have ?",48 + 38 - 19 = 67 #### 67
"While playing at the arcade , Edward won 3 tickets playing ' whack a mole ' and 5 tickets playing ' skee ball ' . If he was trying to buy candy that cost 4 tickets a piece , how many could he buy ?",( 3 + 5 ) / 4 = 2 #### 2
A store had 86 coloring books in stock . They ended up putting them on sale and getting rid of 37 of them . The put the ones they still had onto shelves with 7 on each shelf . How many shelves did they use ?,( 86 - 37 ) / 7 = 7 #### 7
"After eating at the restaurant , Sally , Sam , and Alyssa decided to divide the bill evenly . If each person paid 45 dollars , what was the total of the bill ?",45 * 3.0 = 135 #### 135
Mrs. Hilt is baking bread . She needs 5 cups of flour to bake 2 loaves of bread . How much flour will she need to make one loaf of bread ?,5 / 2 = 2.5 #### 2.5
"Roger had 25 books . If he sold 21 of them and used the money he earned to buy 30 new books , how many books would Roger have ?",25 + 30 - 21 = 34 #### 34
A store had 31 oranges in a bin . If they threw away 9 of the old ones and put 38 new ones in the bin how many would be in the bin ?,31 + 38 - 9 = 60 #### 60
"Christian and the junior ranger brought a bag of 140 nails as they visited every station assigned to the junior ranger . If they left exactly 7 nails in every station they visited , how many stations did Joline and the junior ranger visit ?",140 / 7 = 20 #### 20
"A company painted some houses in Hancock County white and blue using a total of 6689 gallons of paint . If they used 660 gallons of white paint , how many gallons of blue paint did the company use ?",6689 - 660 = 6029 #### 6029
Martin has 8 boxes of crayons . Each box holds 7 crayons . How many crayons does Martin have ?,8 * 7 = 56 #### 56
"Tom has 30 violet balloons , he gave Fred 16 of the balloons . How many violet balloons does he now have ?",30 - 16 = 14 #### 14
Willie has 48 bananas . Charles has 14 bananas . He loses 35 . How many bananas will Willie have ?,48 - 35 = 13 #### 13
Ernest starts with 17 crayons . Jennifer takes 6 away . How many crayons does Ernest end with ?,17 - 6 = 11 #### 11
"Bianca had 45 coloring books . If she gave away 6 of them , but then bought 20 more , how many would she have total ?",45 + 20 - 6 = 59 #### 59
"Kaleb was collecting cans for recycling . On Saturday he filled 4 bags up and on Sunday he filled 6 more bags . If each bag had 4 cans in it , how many cans did he pick up total ?",4 * ( 4 + 6 ) = 40 #### 40
Carla has some marbles . She bought 134 marbles . Now she has 187 marbles . How many did she start with ?,187 - 134 = 53 #### 53
"Hoping to be named Salesperson of the Month , Rosa called the names from 10.2 pages of the phone book last week . This week , she called the people listed on another 8.6 pages of the same phone book . How many pages worth of people did Rosa call in all ?",10.2 + 8.6 = 18.8 #### 18.8
Hayley had 25 meatballs on her plate . Kirsten stole some of her meatballs . Now she has 11 meatballs on her plate . How many meatballs did Kirsten steal ?,25 - 11 = 14 #### 14
"A teacher had 29 worksheets to grade . If she graded 25 , but then another 29 were turned in , how many worksheets would she have to grade ?",29 + 29 - 25 = 33 #### 33
Mildred weighs 59 pounds . Carol weighs 9 pounds . How much heavier is Mildred than Carol ?,59 - 9 = 50 #### 50
"Chloe was organizing her book case making sure each of the shelves had exactly 6 books on it . If she had 5 shelves of mystery books and 4 shelves of picture books , how many books did she have total ?",6 * ( 5 + 4 ) = 54 #### 54
"A chef needs to cook 9 potatoes . He has already cooked 7 . If each potato takes 3 minutes to cook , how long will it take him to cook the rest ?",3 * ( 9 - 7 ) = 6 #### 6
Aaron starts with 81 erasers . He gives 34 to Doris . How many erasers does Aaron end with ?,81 - 34 = 47 #### 47
"While shopping for music online , Zoe bought 3 country albums and 5 pop albums . Each album came with a lyric sheet and had 3 songs . How many songs did Zoe buy total ?",3 * ( 3 + 5 ) = 24 #### 24
"While playing at the arcade , Frank won 33 tickets playing ' whack a mole ' and 9 tickets playing ' skee ball ' . If he was trying to buy candy that cost 6 tickets a piece , how many could he buy ?",( 33 + 9 ) / 6 = 7 #### 7
"This afternoon Craig left school , rode the bus 3.83 miles , and then walked 0.17 mile to get home . How much farther did Craig ride than walk ?",3.83 - 0.17 = 3.67 #### 3.67
Haley 's favorite band was holding a concert where tickets were 4 dollars each . Haley bought 3 tickets for herself and her friends and 5 extra tickets in case anyone else wanted to go . How much did she spend ?,4 * ( 3 + 5 ) = 32 #### 32
The total number of students in year 8 at a high school is 180 . There are 24 more girls than boys . How many boys are there ?,( 180 - 24 ) / 2.0 = 78 #### 78
There are 2 orchid bushes currently in the park . Park workers will plant 4 orchid bushes today . How many orchid bushes will the park have when the workers are finished ?,2 + 4 = 6 #### 6
"A pet shelter had 2 puppies when another 34 were brought in . If 4 puppies a day are adopted , how long would it take for all of them to be adopted ?",( 2 + 34 ) / 4 = 9 #### 9
Iesha has 58 books . 19 are about school and the rest are about sports . How many books about sports does Iesha have ?,58 - 19 = 39 #### 39
"Mrs. Heine is buying Valentine ’ s Day treats for her 2 dogs . If she wants to buy them 3 heart biscuits each , how many biscuits does she need to buy ?",2 * 3 = 6 #### 6
"A chef needs to cook 13 potatoes . He has already cooked 5 . If each potato takes 6 minutes to cook , how long will it take him to cook the rest ?",6 * ( 13 - 5 ) = 48 #### 48
Charles has 25 Skittles . Diana takes 7 away . How many Skittles will Charles have ?,25 - 7 = 18 #### 18
Melanie had 7 dimes in her bank . Her dad gave her 8 dimes and her mother gave her 4 dimes . How many dimes does Melanie have now ?,7 + 8 + 4 = 19 #### 19
Jack starts with 62 marbles . He shares 33 with Rebecca . How many marbles does Jack end with ?,62 - 33 = 29 #### 29
"Robin uploaded 35 pictures from her phone and 5 from her camera to facebook . If she sorted the pics into 5 different albums with the same amount of pics in each album , how many pictures were in each of the albums ?",( 35 + 5 ) / 5 = 8 #### 8
"At the fair there were 30 people in line for the bumper cars . If 10 of them got tired of waiting and left and 5 more got in line , how many people would be in line ?",30 + 5 - 10 = 25 #### 25
Suzie found 2 worms in the yard and measured them with a ruler . 1 worm was 0.8 inch long . The other worm was 0.1 inch long . How much longer was the longer worm ?,0.8 - 0.1 = 0.7 #### 0.7
"After the price of petroleum oil went up by 10 % , a consumer reduced his oil consumption by the same percent . By what percent would his petroleum bill be changed ?",( 1.0 - ( 1.0 + 10 * 0.01 ) * ( 1.0 - 10 * 0.01 ) ) * 100.0 = 1 #### 1
Adam has $ 5 to buy an airplane that costs $ 4.28 . How much change will Adam get ?,5 - 4.28 = 0.72 #### 0.72
Anthony has 9 pencils . Kathryn gives Anthony 56 more . How many pencils does Anthony have in all ?,9 + 56 = 65 #### 65
"Mrs. Hilt looked at her car 's odometer before a trip . The odometer showed that she had traveled 212.3 miles . When she stopped for lunch , the odometer read 372 . How many miles had she traveled ?",372 - 212.3 = 159.7 #### 159.7
"Kaleb was collecting cans for recycling . On Saturday he filled 5 bags up and on Sunday he filled 5 more bags . If each bag had 4 cans in it , how many cans did he pick up total ?",4 * ( 5 + 5 ) = 40 #### 40
There are 46 rulers in the drawer . Tim took 25 rulers from the drawer . How many rulers are now in the drawer ?,46 - 25 = 21 #### 21
It took Carl 5 hours to ride to Ralph 's house at 2 miles per hour . How far is it between Carl 's house and Ralph 's house ?,5 * 2 = 10 #### 10
A pet store had 19 siamese cats and 45 house cats . During a sale they sold 56 cats . How many cats do they have left ?,19 + 45 - 56 = 8 #### 8
Nancy has saved 4900 cents from selling lemonade . How many dollars does Nancy have ?,4900 / 100.0 = 49 #### 49
"If Bob can make 100 feet of rope in 2 hours and Tim can make 75 feet of rope in 2 hours , how many feet of rope can Bob and Tim working together make in 4 hours ?",100 / 2 * 4 + 75 / 2 * 4 = 350 #### 350
"At Oliver 's Restaurant a group with 2 adults and 4 children came in to eat . If each meal cost 3 dollars , how much was the bill ?",3 * ( 2 + 4 ) = 18 #### 18
In fourth grade there were 31 students at the start of the year . During the year 5 students left and 11 new students came to school . How many students were in fourth grade at the end ?,31 + 11 - 5 = 37 #### 37
"Paul bought 6 boxes of chocolate candy and 4 boxes of caramel candy . If each box has 9 pieces inside it , how much candy did he have total ?",9 * ( 6 + 4 ) = 90 #### 90
Sam has 110 books . Joan has 102 books . How many books do they have together ?,110 + 102 = 212 #### 212
Joan grew 29 carrots and 14 watermelons . Jessica grew 11 carrots . How many carrots did they grow in all ?,29 + 11 = 40 #### 40
"Sam , Dan , Tom , and Keith each have 14 Pokemon cards . How many Pokemon cards do they have in all ?",4.0 * 14 = 56 #### 56
Eve ran 0.7 mile and walked 0.6 mile . How much farther did Eve run than walk ?,0.7 - 0.6 = 0.1 #### 0.1
"For a birthday party Cody bought 4 regular sodas and 44 diet sodas . If his fridge would only hold 6 on each shelf , how many shelves would he fill up ?",( 4 + 44 ) / 6 = 8 #### 8
"At the town carnival Oliver rode the ferris wheel 5 times and the bumper cars 4 times . If each ride cost 7 tickets , how many tickets did he use ?",7 * ( 5 + 4 ) = 63 #### 63
Johnny saved $ 30 in September . He saved $ 49 in October and $ 46 in November . Then Johnny spent $ 58 on a video game . How much money does Johnny have left ?,30 + ( 49 + 46 ) - 58 = 67 #### 67
"Bobby ate 26 pieces of candy . Then , he ate 17 more . How many pieces of candy did Bobby eat ?",26 + 17 = 43 #### 43
"Edward had 43 books . If he sold 19 of them and used the money he earned to buy 14 new books , how many books would Edward have ?",43 + 14 - 19 = 38 #### 38
A restaurant sold 49 hamburgers last week . How many hamburgers on average were sold each day ?,49 / 7.0 = 7 #### 7
"Ned had 15 video games but 6 of them were n't working . If he wanted to sell the working games for $ 7 each , how much money could he earn ?",7 * ( 15 - 6 ) = 63 #### 63
Jason grew 23 watermelons and 18 turnips . Nancy grew 28 watermelons . How many watermelons did they grow in total ?,23 + 28 = 51 #### 51
Bianca was planting vegetables in her garden . She started with 52 seeds and planted 40 of them in the big garden and in each of her small gardens put 2 seeds each . How many small gardens did Bianca have ?,( 52 - 40 ) / 2 = 6 #### 6
There are 115 pencils in the drawer . Sara placed 100 more pencils in the drawer . How many pencils are now there in all ?,115 + 100 = 215 #### 215
"A trivia team had 12 members total , but during a game 4 members did n't show up . If each member that did show up scored 8 points , how many points were scored total ?",8 * ( 12 - 4 ) = 64 #### 64
"Gwen had 18 math problems and 11 science problems for homework . If she finished 24 of the problems at school , how many problems did she have to do for homework ?",18 + 11 - 24 = 5 #### 5
There are 69 erasers in a box . Jane has 15 erasers in a bag . Doris takes 54 erasers out of the box . How many erasers are left in the box ?,69 - 54 = 15 #### 15
There are 54 scissors in the drawer . Keith placed 22 scissors in the drawer . How many scissors are now there in all ?,54 + 22 = 76 #### 76
Denise removes 5 bananas from a jar . There were originally 46 bananas in the jar . How many bananas are left in the jar ?,46 - 5 = 41 #### 41
"Joan purchased a basketball game for $ 5.2 , and a racing game for $ 4.23 . How much did Joan spend on video games ?",5.2 + 4.23 = 9.43 #### 9.43
Luke had 20 stickers . He bought 12 stickers from a store in the mall and got 20 stickers for his birthday . Then Luke gave 5 of the stickers to his sister and used 8 to decorate a greeting card . How many stickers does Luke have left ?,20 + 12 + 20 - 5 - 8 = 39 #### 39
"If Karen sold 36 boxes of Tagalongs , how many cases of 12 boxes does Karen pickup from the cookie mom ?",36 / 12 = 3 #### 3
"Marta picked 2 pumpkins . The first pumpkin weighed 4 pounds , and the second pumpkin weighed 8.7 pounds . How much did the 2 pumpkins weigh all together ?",4 + 8.7 = 12.7 #### 12.7
Lansing has 25 elementary schools . There are 247 students in each school . How many elementary students are there altogether in Lansing ?,25 * 247 = 6175 #### 6175
"A pet shelter had 3 puppies when another 3 were brought in . If 3 puppies a day are adopted , how long would it take for all of them to be adopted ?",( 3 + 3 ) / 3 = 2 #### 2
"Debby 's class is going on a field trip to the zoo . If each van can hold 4 people and there are 2 students and 6 adults going , how many vans will they need ?",( 2 + 6 ) / 4 = 2 #### 2
"Jason joined his school 's band . He bought a flute for $ 142.46 , a music stand for $ 8.89 , and a song book for $ 7 . How much did Jason spend at the music store ?",142.46 + 8.89 + 7 = 158.35 #### 158.35
Sally picked 7 lemons and Mary picked 9 lemons from the lemon tree . How many lemons were picked in total ?,7 + 9 = 16 #### 16
"A new building needed 14 windows . The builder had already installed 5 of them . If it takes 4 hours to install each window , how long will it take him to install the rest ?",4 * ( 14 - 5 ) = 36 #### 36
Wendy ran 19.83 miles and walked 9.17 miles . How much farther did Wendy run than walk ?,19.83 - 9.17 = 10.67 #### 10.67
In fourth grade there were 11 students at the start of the year . During the year 6 students left and 42 new students came to school . How many students were in fourth grade at the end ?,11 + 42 - 6 = 47 #### 47
Joan found 70 seashells on the beach . she gave Sam some of her seashells . She has 27 seashell . How many seashells did she give to Sam ?,70 - 27 = 43 #### 43
The schools debate team had 11 boys and 45 girls on it . If they were split into groups of 7 how many groups could they make ?,( 11 + 45 ) / 7 = 8 #### 8
There are 107 walnut trees currently in the park . Park workers will plant 104 more walnut trees today . How many walnut trees will the park have when the workers are finished ?,107 + 104 = 211 #### 211
A pet store had 38 siamese cats and 25 house cats . During a sale they sold 45 cats . How many cats do they have left ?,38 + 25 - 45 = 18 #### 18
Each bottle cap costs $ 5 . How much do 5 bottle caps cost ?,5 * 5 = 25 #### 25
Sandy 's dog had 8 puppies and 4 had spots . She gave 4 to her friends . How many puppies does she now have ?,8 - 4 = 4 #### 4
Mary ’ s mom is getting ready for Mary ’ s birthday party . She blew up 6 balloons this morning and 5 balloons this afternoon . How many balloons did she blow up in all ?,6 + 5 = 11 #### 11
Rachel bought two coloring books . One had 24 pictures and the other had 39 . After one week she had already colored 4 of the pictures . How many pictures does she still have to color ?,24 + 39 - 4 = 59 #### 59
James ate 22 carrot sticks before dinner and 15 more after dinner . How many carrot sticks did he eat ?,22 + 15 = 37 #### 37
Emily was planting vegetables in her garden . She started with 42 seeds and planted 36 of them in the big garden and in each of her small gardens put 2 seeds each . How many small gardens did Emily have ?,( 42 - 36 ) / 2 = 3 #### 3
"A tennis racket that regularly sells for 135 dollars is on sale for 25 % off the regular price . What is the sale price , in dollars ?",135 - 0.01 * 135 * 25 = 101.25 #### 101.25
Jason has 676 Pokemon cards . Alyssa bought 224 of Jason 's Pokemon cards . How many Pokemon cards does Jason have now ?,676 - 224 = 452 #### 452
Gino has 63 popsicle sticks . I have 50 popsicle sticks . What is the sum of our popsicle sticks ?,63 + 50 = 113 #### 113
Emily was planting vegetables in her garden . She started with 41 seeds and planted 29 of them in the big garden and in each of her small gardens put 4 seeds each . How many small gardens did Emily have ?,( 41 - 29 ) / 4 = 3 #### 3
The Litter Patrol picked up 10 glass bottles and 8 aluminum cans on Saturday . How many pieces of litter did they pick up altogether ?,10 + 8 = 18 #### 18
Kathleen went to the store 5 times last month . She buys 5 bottle caps each time she goes to the store . How many bottle caps did Kathleen buy last month ?,5 * 5 = 25 #### 25
Ceasar needs to read a 563 page book for school . He has already read 147 pages . How many pages does he have left to read ?,563 - 147 = 416 #### 416
"A trivia team had 7 members total , but during a game 2 members did n't show up . If each member that did show up scored 4 points , how many points were scored total ?",4 * ( 7 - 2 ) = 20 #### 20
"While on vacation , Haley took 50 pictures at the zoo and 8 at the museum . If she later deleted 38 of the pictures , how many pictures from her vacation did she still have ?",50 + 8 - 38 = 20 #### 20
A 12 ounce can of cranberry juice sells for 84 cents . Give the unit cost in cents per ounce .,84 / 12 = 7 #### 7
Deborah is inviting 10 friends to a party . She has 80 cookies . How many cookies will each friend get ?,80 / 10 = 8 #### 8
Mary is baking a cake . The recipe wants 8 cups of flour . She already put in 2 cups . How many cups does she need to add ?,8 - 2 = 6 #### 6
Zoe bought two coloring books . One had 44 pictures and the other had 44 . After one week she had already colored 20 of the pictures . How many pictures does she still have to color ?,44 + 44 - 20 = 68 #### 68
"Your class had a pizza party . 0.38 of a pizza was left over , and 0.5 of another pizza was left over . You put them both into one box . How much pizza do you have altogether ?",0.38 + 0.5 = 0.88 #### 0.88
Each CD rack holds 8 CDs . A shelf can hold 4 racks . How many total CDs can fit on the shelf ?,8 * 4 = 32 #### 32
"For Halloween Megan received 11 pieces of candy from neighbors and 5 pieces from her older sister . If she only ate 8 pieces a day , how long would the candy last her ?",( 11 + 5 ) / 8 = 2 #### 2
"Michael has 16 blocks stored in boxes . If there are 8 boxes , how many blocks must go in each box ?",16 / 8 = 2 #### 2
"The next act involved several jugglers . If each juggler is juggling 6 balls at a time , how many balls are needed if there are 378 jugglers putting a show at the same time ?",6 * 378 = 2268 #### 2268
"Logan recorded the snowfall every day during a snowstorm . He recorded 0.33 centimeter on Wednesday , 0.33 centimeter on Thursday , and 0.22 centimeter on Friday . How many total centimeters of snow did Logan record ?",0.33 + 0.33 + 0.22 = 0.89 #### 0.89
"A trivia team had 5 members total , but during a game 2 members did n't show up . If each member that did show up scored 6 points , how many points were scored total ?",6 * ( 5 - 2 ) = 18 #### 18
"Vanessa and her friends were recycling paper for their class . For every 9 pounds they recycled they earned one point . If Vanessa recycled 20 pounds and her friends recycled 16 pounds , how many points did they earn ?",( 20 + 16 ) / 9 = 4 #### 4
A dealer pays 6000 dollars for a car . The dealer wants to make a profit that is 25 % of the selling price . For how much should the dealer sell the car ?,6000 * ( 1.0 + 25 * 0.01 ) = 7500 #### 7500
"Ned was helping the cafeteria workers pick up lunch trays , but he could only carry 5 trays at a time . If he had to pick up 5 trays from one table and 5 trays from another , how many trips will he make ?",( 5 + 5 ) / 5 = 2 #### 2
"April 's discount flowers was having a sale where each flower was 6 dollars . If Maria bought 7 roses and 3 daisies , how much did she spend ?",6 * ( 7 + 3 ) = 60 #### 60
Joan has 40 blue balloons Melanie has 41 blue balloons . How many blue balloons do they have in total ?,40 + 41 = 81 #### 81
There are 261 fishbowls . Each fishbowl has 23 fish . How many fish are there ?,261 * 23 = 6003 #### 6003
Paige was unboxing some of her old winter clothes . She found 6 boxes of clothing and inside each box there were 5 scarves and 5 mittens . How many pieces of winter clothing did Paige have total ?,6 * ( 5 + 5 ) = 60 #### 60
Wendy 's old washing machine could only wash 8 pieces of clothing at a time . If she had to wash 39 shirts and 33 sweaters how many loads would she have to do ?,( 39 + 33 ) / 8 = 9 #### 9
There are 88 candies in a box . Lisa has 18 candies in a bag . Diana takes 6 candies out of the box . How many candies are left in the box ?,88 - 6 = 82 #### 82
Kim has 4 cousins . She wants to give each cousin 5 pieces of gum . How much gum will she need ?,4 * 5 = 20 #### 20
There were 58 geese and 37 ducks in the marsh . How many birds were in the marsh ?,58 + 37 = 95 #### 95
A multi - national corporation has 2041 part - time employees and 63093 full - time employees . How many employees work for the corporation ?,2041 + 63093 = 65134 #### 65134
"If Benjamin skated 80 kilometers at 10 kilometers per hour , how long was Benjamin skating ?",80 / 10 = 8 #### 8
Alyssa had 129 cookies . Aiyanna has 140 . How many more cookies does Aiyanna have than Alyssa ?,140 - 129 = 11 #### 11
"A waiter had 33 customers to wait on . If 31 customers left and he got another 26 customers , how many customers would he have ?",33 + 26 - 31 = 28 #### 28
Seth bought 20 cartons of ice cream and 2 cartons of yogurt . Each carton of ice cream cost $ 6 and each carton of yogurt cost $ 1 . How much more did Seth spend on ice cream than on yogurt ?,20 * 6 - 2 * 1 = 118 #### 118
Craig has 20 apples . Judy has 11 apples . He shares 7 with Eugene . How many apples will Craig have ?,20 - 7 = 13 #### 13
"A trivia team had 14 members total , but during a game 7 members did n't show up . If each member that did show up scored 5 points , how many points were scored total ?",5 * ( 14 - 7 ) = 35 #### 35
James has 1222 balloons . Amy has 513 balloons . How many more balloons does James have than Amy ?,1222 - 513 = 208 #### 208
"For the school bake sale Chloe made 28 cupcakes . If she sold 25 of them and then made 8 more , how many cupcakes would she have ?",28 + 8 - 25 = 11 #### 11
"Joan spent $ 15 on shorts and $ 14.82 on a jacket , and $ 12.51 on a shirt . She went to 3 shops . In total , how much money did Joan spend on clothing ?",15 + 14.82 + 12.51 = 42.33 #### 42.33
"Find the product of -2 , -15 , 4 and -1 .",-2 * -15 * 4 * -1 = -120 #### -120
Virginia starts with 96 eggs . Amy takes 3 away . How many eggs does Virginia end with ?,96 - 3 = 93 #### 93
The farmers reported that they harvest 45 sacks of apples from each of the 8 sections of the orchard daily . How many sacks are harvested every day ?,45 * 8 = 360 #### 360
"When Joan was visited by the toothfairy , she received 14 each of quarters , half - dollars , and dimes . How much money did the toothfairy leave Joan ?",14 * ( 0.25 + 0.5 + 0.1 ) = 11.9 #### 11.9
There are 6 candies in a pile on the desk . Each candy comes in a package of 15 . 4 candies are added to the pile . How many candies are there in the pile ?,6 + 4 = 10 #### 10
Maria needs 21 cartons of berries to make a berry cobbler . She already has 4 cartons of strawberries and 8 cartons of blueberries . How many more cartons of berries should Maria buy ?,21 - ( 4 + 8 ) = 9 #### 9
Paula has 6 boxes of peanuts . Each box holds 4 peanuts . How many peanuts does Paula have ?,6 * 4 = 24 #### 24
"Kaleb had 39 pieces of clothing to wash . He put 19 of them in one load , but decided to split the rest into 5 equal loads . How many pieces of clothing could go in each of the small loads ?",( 39 - 19 ) / 5 = 4 #### 4
"There are 25 students trying out for the school 's trivia teams . If 15 of them did n't get picked for the team and the rest were put into 2 groups , how many students would be in each group ?",( 25 - 15 ) / 2 = 5 #### 5
"Vanessa had 16 music files and 48 video files on her flash drive . If she deleted 30 of the files , how many files were still on her flash drive ?",16 + 48 - 30 = 34 #### 34
There are 8 apples in a pile on the desk . Each apple comes in a package of 11 . 5 apples are added to the pile . How many apples are there in the pile ?,8 + 5 = 13 #### 13
There are 544 pots . Each pot has 32 flowers in it . How many flowers are there in all ?,544 * 32 = 17408 #### 17408
"Keith loves trading cards . She bought 4 packs of Digimon cards for $ 4.45 each , and a deck of baseball cards for $ 6.06 . How much did Keith spend on cards ?",4 * 4.45 + 6.06 = 23.86 #### 23.86
Joyce starts with 75 apples . She gives 52 to Larry . How many apples does Joyce end with ?,75 - 52 = 23 #### 23
Mrs. Hilt and her sister drove to a concert 78 miles away . They drove 32 miles and then stopped for gas . Her sister put 28 gallons of gas in the car . How many miles did they have left to drive ?,78 - 32 = 46 #### 46
Dale 's Vegetarian Restaurant bought 2.83 pounds of green peppers and 2.83 pounds of red peppers . How many pounds of peppers did Dale 's Vegetarian Restaurant buy in all ?,2.83 + 2.83 = 5.67 #### 5.67
"Betty has 24 oranges stored in boxes . If there are 3 boxes , how many oranges must go in each box ?",24 / 3 = 8 #### 8
"Olivia and her mom were picking carrots from their garden . Olivia picked 20 and her mother picked 14 . If only 19 of the carrots were good , how many bad carrots did they have ?",20 + 14 - 19 = 15 #### 15
"Tim found 37 seashells and Sally found 13 seashells on the beach . When they cleaned them , they discovered that 25 were cracked . How many seashells did they find together ?",37 + 13 = 50 #### 50
Sam had 7 pennies and 8 dimes in his bank . His sister borrowed 4 dimes . How many dimes does Sam have now ?,8 - 4 = 4 #### 4
A restaurant sold 63 hamburgers last week . How many hamburgers on average were sold each day ?,63 / 7.0 = 9 #### 9
"At Mrs. Hilt 's house , there was 29 inches of snow , and Brecknock Elementary School received 17 inches of snow . How much more snow did Mrs. Hilt 's house have ?",29 - 17 = 12 #### 12
Helen starts with 82 cards . Gary takes 9 away . How many cards does Helen end with ?,82 - 9 = 73 #### 73
My car gets 20 miles per gallon of gas . How many miles can I drive on 5 gallons of gas ?,20 * 5 = 100 #### 100
"If Victor split 25 Skittles between 5 people in her class and kept the left overs , how many Skittles did each classmate get ?",25 / 5 = 5 #### 5
"There is 0.17 cup of oil in Scarlett 's measuring cup . If Scarlett adds 0.67 cup more , how much oil will be in the measuring cup ?",0.17 + 0.67 = 0.83 #### 0.83
"There were 9 girls and 14 boys trying out for the schools basketball team . If only 2 of them got called back , how many students did n't make the cut ?",9 + 14 - 2 = 21 #### 21
"A farmer estimates that he will harvest 48097 bushels of wheat . The weather is perfect during the growing season , so he harvests 684 more bushels of wheat than expected . How many bushels of wheat does the farmer harvest ?",48097 + 684 = 48781 #### 48781
"Ernest has 45 bananas that must be put away in boxes . Julie comes to help and brings 3 cookies to share with Ernest . If there are 5 boxes , how many bananas must go in each box ?",45 / 5 = 9 #### 9
"Tiffany baked 8 brownies , but needed 17 total for her party . If she used 8 cups of flour on each one , how much cups of flour does she still need ?",8 * ( 17 - 8 ) = 72 #### 72
Keith picked 3 pears and Jason picked 2 pears from the pear tree . Joan picked 5 apples from the apple tree . How many pears were picked in total ?,3 + 2 = 5 #### 5
Joseph has 67 candies . Kathy gives Joseph 38 more . How many candies does Joseph have in all ?,67 + 38 = 105 #### 105
Andrew spent 3 day working on his Science report . He worked for 2.5 hours each day . How many hours did he work ?,3 * 2.5 = 7.5 #### 7.5
"There were 13 friends playing a video game online when 8 players quit . If each player left had 6 lives , how many lives did they have total ?",6 * ( 13 - 8 ) = 30 #### 30
"A painter needed to paint 11 rooms in a building . Each room takes 7 hours to paint . If he already painted 2 rooms , how much longer will he take to paint the rest ?",7 * ( 11 - 2 ) = 63 #### 63
"Frank had saved up 3 dollars . If he received another 37 dollars for his allowance , how many 8 dollar toys could he buy ?",( 3 + 37 ) / 8 = 5 #### 5
Sam had 49 pennies and 24 nickels in his bank . His dad gave him 39 nickels and 31 quarters . How many nickels does he have now ?,24 + 39 = 63 #### 63
"Each year , salmon travel upstream , going from the ocean to the rivers where they were born . This year , 712261 male and 259378 female salmon returned to their rivers . How many salmon made the trip ?",712261 + 259378 = 971639 #### 971639
Mrs. Hilt saw 3 bugs eat 2 flowers each . How many flowers total did the bugs eat ?,3 * 2 = 6 #### 6
There are 112 short trees and 119 tall trees currently in the park . Park workers will plant 105 short trees today . How many short trees will the park have when the workers are finished ?,112 + 105 = 217 #### 217
"Mike made 42 dollars mowing lawns over the summer . If he spent 10 dollars buying new mower blades , how many 8 dollar games could he buy with the money he had left ?",( 42 - 10 ) / 8 = 4 #### 4
Eric has 3 boxes of pencils . Each box holds 9 pencils . How many pencils does Eric have ?,3 * 9 = 27 #### 27
Sam had 98 pennies in his bank . He spent 93 of his pennies . How many pennies does he have now ?,98 - 93 = 5 #### 5
Conner has 25000 dollars in his bank account . Every month he spends 1500 dollars . He does not add money to the account . How much money will Conner have in his account after 8 months ?,25000 - 1500 * 8 = 13000 #### 13000
"Dave had to wash 29 short sleeve shirts and 11 long sleeve shirts before school . If he had only washed 35 of them by the time school started , how many did he not wash ?",29 + 11 - 35 = 5 #### 5
532 people are watching a movie in a theater . The theater has 750 seats . How many seats are empty in the theater ?,750 - 532 = 218 #### 218
Lana 's favorite band was holding a concert where tickets were 6 dollars each . Lana bought 8 tickets for herself and her friends and 2 extra tickets in case anyone else wanted to go . How much did she spend ?,6 * ( 8 + 2 ) = 60 #### 60
"Katie 's team won their dodgeball game and scored 12 points total . If Katie scored 4 of the points and everyone else scored 4 points each , how many players were on her team ?",( 12 - 4 ) / 4 = 2 #### 2
Nicholas starts with 8 bottle caps . He gets 85 more from Catherine . How many bottle caps does Nicholas end with ?,8 + 85 = 93 #### 93
"Will had 57 dollars . If he spent 27 bucks on a new game , how many 6 dollar toys could he buy with the money he had left ?",( 57 - 27 ) / 6 = 5 #### 5
"Maria was making baggies of cookies with 3 cookies in each bag . If she had 2 chocolate chip cookies and 16 oatmeal cookies , how many baggies could she make ?",( 2 + 16 ) / 3 = 6 #### 6
"At the fair there were 9 people in line for the bumper cars . If 6 of them got tired of waiting and left and 3 more got in line , how many people would be in line ?",9 + 3 - 6 = 6 #### 6
Paula 's aunt gave her $ 109 to spend on clothes at the mall . She bought 2 shirts that cost $ 11 each and a pair of pants that cost $ 13 . How much money does Paula have left to buy more clothes ?,109 - ( 2 * 11 + 13 ) = 74 #### 74
30 dogs are barking . 10 more dogs start to bark . How many dogs are barking ?,30 + 10 = 40 #### 40
"Mike found 6 seashells and 4 starfish , but 4 of the seashells were broken . How many unbroken seashells did Mike find ?",6 - 4 = 2 #### 2
Dan had 7 potatoes and 4 cantelopes in the garden . The rabbits ate 4 of the potatoes . How many potatoes does Dan now have ?,7 - 4 = 3 #### 3
The farmer had 127 apples . The farmer gave 88 apples to his neighbor . How many apples does the farmer have now ?,127 - 88 = 39 #### 39
"The tallest player on the basketball team is 77.75 inches tall . This is 9.5 inches taller than the shortest player . How tall is the shortest player , in inches ?",77.75 - 9.5 = 68.25 #### 68.25
"Nancy picked 12 carrots from her garden . If she threw out 2 of them and then picked 21 more the next day , how many carrots would she have total ?",12 + 21 - 2 = 31 #### 31
"I read 21 pages of my English book yesterday . Today , I read 17 pages . What is the total number of pages did I read ?",21 + 17 = 38 #### 38
"While playing a trivia game , Adam answered 5 questions correct in the first half and 5 questions correct in the second half . If each question was worth 5 points , what was his final score ?",5 * ( 5 + 5 ) = 50 #### 50
There are 96 oranges in a box . Jonathan takes 45 oranges . How many are left ?,96 - 45 = 51 #### 51
"Sean has 9 apples . Susan gives Sean 8 more . Later , Sean buys 18 tickets at the store . How many apples does Sean have in all ?",9 + 8 = 17 #### 17
Benny has 6 blue marbles . Keith has 5 times more blue marbles than Benny . How many blue marbles does Keith have ?,6 * 5 = 30 #### 30
"While shopping for music online , Megan bought 2 country albums and 8 pop albums . Each album came with a lyric sheet and had 7 songs . How many songs did Megan buy total ?",7 * ( 2 + 8 ) = 70 #### 70
You have 7 balloons and your friend has 5 balloons . How many more balloons do you have than your friend ?,7 - 5 = 2 #### 2
What is 395 % of 791 ?,395 * 0.01 * 791 = 3124.45 #### 3124.45
Dorothy has 72 cards . She gives 5 to Harold . How many cards will Dorothy have ?,72 - 5 = 67 #### 67
"A florist had 11 roses . If she sold 2 of them and then later picked 32 more , how many roses would she have ?",11 + 32 - 2 = 41 #### 41
"Paul had saved up 4 dollars . If he received another 11 dollars for his allowance , how many 5 dollar toys could he buy ?",( 4 + 11 ) / 5 = 3 #### 3
There were 28 bales of hay in the barn . Tim stacked bales in the barn today . There are now 54 bales of hay in the barn . How many bales did he store in the barn ?,54 - 28 = 26 #### 26
The schools debate team had 28 boys and 4 girls on it . If they were split into groups of 4 how many groups could they make ?,( 28 + 4 ) / 4 = 8 #### 8
"A waiter had 6 tables he was waiting on , with 3 women and 5 men at each table . How many customers total did the waiter have ?",6 * ( 3 + 5 ) = 48 #### 48
Henry wants to split a collection of crayons into groups of 6 . Henry has 42 crayons . How many groups will be created ?,42 / 6 = 7 #### 7
Melissa has 70 oranges . John takes 19 away . How many oranges will Melissa have ?,70 - 19 = 51 #### 51
"At a restaurant each adult meal costs $ 3 and kids eat free . If a group of 12 people came in and 7 were kids , how much would it cost for the group to eat ?",3 * ( 12 - 7 ) = 15 #### 15
"A waiter had 47 customers to wait on . If 41 customers left and he got another 20 customers , how many customers would he have ?",47 + 20 - 41 = 26 #### 26
"The school cafeteria had 23 apples . If they used 20 to make lunch for the students and then bought 6 more , how many apples would they have ?",23 + 6 - 20 = 9 #### 9
"At Tom 's Restaurant a group with 2 adults and 5 children came in to eat . If each meal cost 8 dollars , how much was the bill ?",8 * ( 2 + 5 ) = 56 #### 56
Sara had 21 quarters in her bank . Her dad gave her 49 more quarters . How many quarters does she have now ?,21 + 49 = 70 #### 70
Bobby collects 2 blocks . Bobby 's father gives Bobby 6 more . How many blocks does Bobby have ?,2 + 6 = 8 #### 8
"Roger was helping the cafeteria workers pick up lunch trays , but he could only carry 4 trays at a time . If he had to pick up 10 trays from one table and 2 trays from another , how many trips will he make ?",( 10 + 2 ) / 4 = 3 #### 3
A restaurant served 9 pizzas during lunch and 6 during dinner today . How many pizzas were served today ?,9 + 6 = 15 #### 15
Your class is having a pizza party . You buy 5 pizzas . Each pizza has 4 slices . How many slices is that altogether ?,5 * 4 = 20 #### 20
"On Friday , 1250 people visited the zoo . 3 times as many people visited on Saturday than on Friday . How many people visited the zoo on Saturday ?",1250 * 3 = 3750 #### 3750
"Bianca picked 39 tulips and 49 roses to make flower bouquets . If she only used 81 of the flowers though , how many extra flowers did Bianca pick ?",39 + 49 - 81 = 7 #### 7
"A farmer started the day with 8.75 buckets of seeds . After spending the morning sowing seeds , she now has 6 buckets . How many buckets of seeds did the farmer sow ?",8.75 - 6 = 2.75 #### 2.75
Sally had 27 Pokemon cards . Dan gave her 41 new Pokemon cards . Sally bought 20 Pokemon cards . How many Pokemon cards does Sally have now ?,27 + 41 + 20 = 88 #### 88
"While shopping for music online , Isabel bought 4 country albums and 5 pop albums . Each album came with a lyric sheet and had 8 songs . How many songs did Isabel buy total ?",8 * ( 4 + 5 ) = 72 #### 72
Brenda starts with 7 Skittles . She buys 8 more . How many Skittles does Brenda end with ?,7 + 8 = 15 #### 15
"The cafeteria had 50 apples . For lunch they handed out 5 to students and decided to use the rest to make pies . If each pie takes 5 apples , how many pies could they make ?",( 50 - 5 ) / 5 = 9 #### 9
Dan has 29 violet balloons . Tim has 7 times more violet balloons than Dan . How many violet balloons does Tim have ?,29 * 7 = 203 #### 203
Fred has 5 baseball cards . Melanie bought 3 of Fred 's baseball cards . How many baseball cards does Fred have now ?,5 - 3 = 2 #### 2
"Rachel was playing a video game and had 10 lives . In a hard part of the game she lost 4 lives . If she got 26 more lives in the next level , how many lives would she have ?",10 + 26 - 4 = 32 #### 32
One pencil weighs 28.3 grams . How much do 5 pencils weigh ?,28.3 * 5 = 141.5 #### 141.5
"There were a total of 323 football games in the season . The season is played for 17 months . How many football games were played each month , if each month has the same number of games ?",323 / 17 = 19 #### 19
How much would 136 pieces of bubble gum cost if each piece costs 18 cents ?,136 * 18 = 2448 #### 2448
"Rose has 9 apples and 12 erasers . If she shares the apples among 3 friends , how many apples does each friend get ?",12 - 9 = 3 #### 3
"It rained 0.9 inches on Monday . On Tuesday , it rained 0.7 inches less than on Monday . How much did it rain on Tuesday ?",0.9 - 0.7 = 0.2 #### 0.2
There are 34 dogwood trees currently in the park . Park workers will plant 49 more dogwood trees today . How many dogwood trees will the park have when the workers are finished ?,34 + 49 = 83 #### 83
"Edward bought 79 tickets at the state fair . He spent 23 tickets at the ' dunk a clown ' booth and decided to use the rest on rides . If each ride cost 7 tickets , how many rides could he go on ?",( 79 - 23 ) / 7 = 8 #### 8
Mary has 9 yellow marbles . Joan has 3 yellow marbles . How many yellow marbles do they have in all ?,9 + 3 = 12 #### 12
Katie had 85 files on her computer . She deleted 40 of them and put the rest into folders with 5 files in each one . How many folders did Katie end up with ?,( 85 - 40 ) / 5 = 9 #### 9
"Mary went to the mall . She spent $ 13.04 on a shirt and $ 12.27 on a jacket . She went to 2 shops . In total , how much money did Mary spend on clothing ?",13.04 + 12.27 = 25.31 #### 25.31
At a company picnic 9 managers and 15 employees decided to start a game of volleyball . If they split into 8 teams how many people would be on each team ?,( 9 + 15 ) / 8 = 3 #### 3
Cindy ’ s mom baked 1215 cookies . Paul ’ s dad baked 1112 cookies . They both brought them to school for a party . How many cookies did they have altogether ?,1215 + 1112 = 2327 #### 2327
There are 41 short trees and 44 tall trees currently in the park . Park workers will plant 57 short trees today . How many short trees will the park have when the workers are finished ?,41 + 57 = 98 #### 98
"Jordan builds a model ' 52 Mustang . If the model car is 7 inches long and the scale is 1 to 18 , how many inches would the real Mustang be ?",7 * 18 = 126 #### 126
Mike had 34 peaches at his roadside fruit dish . He went to the orchard and picked peaches to stock up . There are now 86 peaches . how many did he pick ?,86 - 34 = 52 #### 52
A pet store had 13 siamese cats and 5 house cats . During a sale they sold 10 cats . How many cats do they have left ?,13 + 5 - 10 = 8 #### 8
"A florist had 50 roses . If she sold 15 of them and then later picked 21 more , how many roses would she have ?",50 + 21 - 15 = 56 #### 56
A chocolate chip cookie recipe calls for 2 cups of chocolate chips . You want to make 23 recipes for a bake sale . How many cups of chocolate chips will be needed to make all the cookie recipes ?,2 * 23 = 46 #### 46
There are 8 calories in a candy bar . How many calories are there in 3 candy bars ?,8 * 3 = 24 #### 24
Ethan has 31 presents . Alissa has 22 more than Ethan . How many presents does Alissa have ?,31 + 22 = 53 #### 53
"During a canned food drive , items were sorted into bins . The drive resulted in 0.12 bin of soup , 0.12 bin of vegetables , and 0.5 bin of pasta . Altogether , how many bins would the canned food take up ?",0.12 + 0.12 + 0.5 = 0.75 #### 0.75
"If there are 76 erasers in a box and Patrick puts 9 more erasers inside , how many erasers are in the box ?",76 + 9 = 85 #### 85
"Will had 83 dollars . If he spent 47 bucks on a new game , how many 4 dollar toys could he buy with the money he had left ?",( 83 - 47 ) / 4 = 9 #### 9
"At the arcade Dave won 11 tickets . If he spent 5 tickets on a beanie and later won 10 more tickets , how many would he have ?",11 + 10 - 5 = 16 #### 16
Joan went to 4 football games this year . She went to 9 football games last year . How many football games did Joan go to in all ?,4 + 9 = 13 #### 13
"April 's discount flowers was having a sale where each flower was 6 dollars . If Katie bought 5 roses and 5 daisies , how much did she spend ?",6 * ( 5 + 5 ) = 60 #### 60
"Isha ’ s pencil is 31 inches long . If she sharpens it , now her pencil is 14 inches long . How much did she sharpen off of her pencil ?",31 - 14 = 17 #### 17
"At lunch a waiter had 7 customers and 5 of them did n't leave a tip . If he got $ 3 each from the ones who did tip , how much money did he earn ?",3 * ( 7 - 5 ) = 6 #### 6
"Paige 's team won their dodgeball game and scored 41 points total . If Paige scored 11 of the points and everyone else scored 6 points each , how many players were on her team ?",( 41 - 11 ) / 6 = 5 #### 5
Arthur has 6 cards . Aaron has with 5 cards . Aaron finds another 62 . How many cards does Aaron end with ?,5 + 62 = 67 #### 67
"Eric has 9306 erasers . If he shares them among 99 friends , how many erasers does each friend get ?",9306 / 99 = 94 #### 94
"Luke made 9 dollars mowing lawns and 18 dollars weed eating . If he only spent 3 dollar a week , how long would the money last him ?",( 9 + 18 ) / 3 = 9 #### 9
"While digging through her clothes for ice cream money , Joan found 15 dimes in her jacket , and 4 dimes in her shorts . How much money did Joan find ?",15 * 0.1 + 4 * 0.1 = 1.9 #### 1.9
"Will had 59 pieces of clothing to wash . He put 32 of them in one load , but decided to split the rest into 9 equal loads . How many pieces of clothing could go in each of the small loads ?",( 59 - 32 ) / 9 = 3 #### 3
Sue ’ s family went on vacation . Her mom drove the car at 60 mph . They camped at a campground after traveling for 5 hours . How far was the campground from their home ?,60 * 5 = 300 #### 300
For the school bake sale Paige made pastries . She baked 36 cupcakes and 9 cookies . After the sale she had 4 to take back home . How many pastries did she sell ?,36 + 9 - 4 = 41 #### 41
In fourth grade there were 4 students at the start of the year . During the year 3 students left and 42 new students came to school . How many students were in fourth grade at the end ?,4 + 42 - 3 = 43 #### 43
It rained 0.2 inches on Saturday and 0.4 inches on Sunday . How much did it rain on Saturday and Sunday combined ?,0.2 + 0.4 = 0.6 #### 0.6
Ellen went to a garage sale to buy chairs . Each chair cost 15 dollars . How much money did Ellen spend for the 12 chairs she bought ?,15 * 12 = 180 #### 180
Sally had 27 cards . Dan gave her 41 new cards . Sally bought 20 cards . How many cards does Sally have now ?,27 + 41 + 20 = 88 #### 88
"A company invited 45 people to a luncheon , but 35 of them did n't show up . If the tables they had held 2 people each , how many tables do they need ?",( 45 - 35 ) / 2 = 5 #### 5
Will was working as a sacker at a grocery store where he made 8 dollars an hour . On Monday he worked 8 hours and on Tuesday he worked 2 hours . How much money did Will make in those two days ?,8 * ( 8 + 2 ) = 80 #### 80
Tessa has 4 apples . Anita gave her 5 more . She needs 10 apples to make a pie . Does she have enough to make a pie ?,4 + 5 = 9 #### 9
Justin needs 61 paper plates for a birthday party . He already has 26 blue plates and 7 red plates . How many more plates should Justin buy ?,61 - ( 26 + 7 ) = 28 #### 28
"When Jake had 1 cat , he needed to serve 0.5 can of cat food each day . Now that Jake has adopted a second cat , he needs to serve a total of 0.9 can each day . How much extra food is needed to feed the second cat ?",0.9 - 0.5 = 0.4 #### 0.4
Robin has 27 packages of gum . There are 18 pieces in each package . How many pieces of gum does Robin have ?,27 * 18 = 486 #### 486
There are 22 walnut trees currently in the park . Park workers will plant walnut trees today . When the workers are finished there will be 55 walnut trees in the park . How many walnut trees did the workers plant today ?,55 - 22 = 33 #### 33
Sara got fast food for lunch . Sara spent $ 5.36 on a hotdog and $ 5.1 on a salad . What was the total of the lunch bill ?,5.36 + 5.1 = 10.46 #### 10.46
"Robin had 30 songs on her mp3 player . If she deleted 8 old songs from it and then added 10 new songs , how many songs does she have on her mp3 player ?",30 + 10 - 8 = 32 #### 32
Shirley starts with 98 eggs . She buys 8 more . How many eggs does Shirley end with ?,98 + 8 = 106 #### 106
There are 33 oak trees currently in the park . Park workers had to cut down 18 oak trees that were damaged . How many oak trees will be in the park when the workers are finished ?,33 - 18 = 15 #### 15
Gavin has 23 shirts . 6 are blue the rest are green . How many green shirts does Gavin have ?,23 - 6 = 17 #### 17
Oscar 's bus ride to school is 0.75 mile and Charlie 's bus ride is 0.25 mile . How much longer is Oscar 's bus ride than Charlie 's ?,0.75 - 0.25 = 0.5 #### 0.5
"At the beach , Miki and her sister both built sandcastles and then measured their heights . Miki 's sandcastle was 0.83 foot tall and her sister 's was 0.5 foot tall . How much taller was Miki 's sandcastle than her sister 's ?",0.83 - 0.5 = 0.33 #### 0.33
"Scott has 56 oranges that must be put away in boxes . Terry comes to help and brings 11 cookies to share with Scott . If there are 8 boxes , how many oranges must go in each box ?",56 / 8 = 7 #### 7
"Mike has 96 muffins , which he needs to box up into dozens . How many boxes does he need ?",96 / 12.0 = 8 #### 8
Donald has 4 oranges . He finds another 5 . How many oranges does Donald have in all ?,4 + 5 = 9 #### 9
"Heather went to the county fair last weekend . When she got there , she had to walk 0.33 mile from the car to the entrance . Then she walked 0.33 mile to the carnival rides and 0.08 mile from the carnival rides back to the car . How many miles did Heather walk in all ?",0.33 + 0.33 + 0.08 = 0.75 #### 0.75
"Oliver is at the library helping put away books . There are 46 book to put away total but a librarian takes 10 of them and leaves Oliver with the rest . If he can fit 4 books on a shelf , how many shelves will he need ?",( 46 - 10 ) / 4 = 9 #### 9
Jason has 7 violet balloons and 4 red balloons . He lost 3 of the violet balloons . How many violet balloons does Jason have now ?,7 - 3 = 4 #### 4
"Roger earned 9 dollars for each lawn he mowed . If he had 14 lawns to mow , but forgot to mow 8 of them , how much money did he actually earn ?",9 * ( 14 - 8 ) = 54 #### 54
"Gwen earned 8 points for each bag of cans she recycled . If she had 4 bags , but did n't recycle 2 of them , how many points would she have earned ?",8 * ( 4 - 2 ) = 16 #### 16
"Soft drinks are on sale at the grocery store for 2.99 dollars for a 12 pack . How much would each can of soft drink cost if purchased individually , in dollars ?",2.99 / 12 = 0.25 #### 0.25
Rachel removes 47 bottle caps from a jar . There were originally 87 bottle caps in the jar . How many bottle caps are left in the jar ?,87 - 47 = 40 #### 40
22 boys went down the slide . 13 more boys went down the slide . How many boys went down the slide ?,22 + 13 = 35 #### 35
Wayne collects 9 blocks . Wayne 's father gives Wayne 6 more . How many blocks does Wayne have ?,9 + 6 = 15 #### 15
Michael has some fish in his fish tank . Ben gave him 18 more fish . Now he has 49 . How many fish did he have to begin with ?,49 - 18 = 31 #### 31
John weighs 81 pounds . Roy weighs 4 pounds . How much heavier is John than Roy ?,81 - 4 = 77 #### 77
Mrs. Hilt ate 5 apples every hour . How many apples had she eaten at the end of 3 hours ?,5 * 3 = 15 #### 15
"A waiter at ' The Greasy Spoon ' restaurant had 29 customers to wait on . During the lunch rush he added another 20 customers . If 34 of the customers did n't leave him a tip , how many customers did leave a tip ?",29 + 20 - 34 = 15 #### 15
There are 4 marbles . 7 marbles more are added . How many are there total ?,4 + 7 = 11 #### 11
"A home purchased for 300000 dollars depreciated 8 % over a 1-year period . What was the value of the home after at the end of the year , in dollars ?",300000 - 300000 * 8 * 0.01 = 276000 #### 276000
Lewis saved checking on the grapevines for his last stop . He was told by one of the pickers that they fill 324 drums of grapes per day . How many drums of grapes would be filled in 9 days ?,324 * 9 = 2916 #### 2916
"For dessert , Jane ’ s mom prepared 12 pieces of bite - size cinnamon swirls . If the 3 of them ate an equal number of pieces of cinnamon swirls , how many pieces did Jane eat ?",12 / 3 = 4 #### 4
"Michelle has 2 crayons . Janet has 2 crayons . If Janet gives all of her crayons to Michelle , how many crayons will Michelle have ?",2 + 2 = 4 #### 4
Mrs. Sheridan has 22 fish . Her sister gave her 47 more fish . How many fish does she have now ?,22 + 47 = 69 #### 69
Andrew starts with 8 eggs . He buys 62 more . How many eggs does Andrew end with ?,8 + 62 = 70 #### 70
"During a visit to an orchard , Charlie picked 0.17 bag of Golden Delicious apples , 0.17 bag of Macintosh apples , and 0.33 bag of Cortland apples . How many bags of fruit did Charlie pick in total ?",0.17 + 0.17 + 0.33 = 0.67 #### 0.67
"A lawyer bills her clients 200 dollars per hour of service . If a client 's case requires 39 hours to complete , use proportion to calculate how much the client will owe the lawyer in dollars .",200 * 39 = 7800 #### 7800
"Carol and her mom were picking carrots from their garden . Carol picked 29 and her mother picked 16 . If only 38 of the carrots were good , how many bad carrots did they have ?",29 + 16 - 38 = 7 #### 7
"For Halloween Katie and her sister combined the candy they received . Katie had 8 pieces of candy while her sister had 23 . If they ate 8 pieces the first night , how many pieces do they have left ?",8 + 23 - 8 = 23 #### 23
A pet store had 18 puppies . In one day they sold 3 of them and put the rest into cages with 5 in each cage . How many cages did they use ?,( 18 - 3 ) / 5 = 3 #### 3
There are 22 oranges in a box . Paula takes 7 oranges . How many are left ?,22 - 7 = 15 #### 15
"At a restaurant each adult meal costs $ 2 and kids eat free . If a group of 15 people came in and 9 were kids , how much would it cost for the group to eat ?",2 * ( 15 - 9 ) = 12 #### 12
"When relatives visit Haley and her family , she and her cousins do origami . If she has 48 origami papers to give away to her 6 cousins , how many will each receive if she gives everyone the same number of origami papers ?",48 / 6 = 8 #### 8
Roger had 29 dollars . For his birthday he got 20 more dollars but spent 34 on a new game . How much money does he have now ?,29 + 20 - 34 = 15 #### 15
"Sam got 9 pennies for washing clothes , and 7 quarters for mowing lawns . How much money does Sam have ?",9 * 0.01 + 7 * 0.25 = 1.84 #### 1.84
"Jason picked 46 pears , Keith picked 47 pears , and Mike picked 12 pears from the pear tree . How many pears were picked in total ?",46 + 47 + 12 = 105 #### 105
"Each chocolate bar in a box cost $ 4 . If a box had 11 bars total and Vanessa sold all but 7 bars , how much money would she have made ?",4 * ( 11 - 7 ) = 16 #### 16
Lucy went to the grocery store . She bought 12 packs of cookies and 16 packs of noodles . How many packs of groceries did she buy in all ?,12 + 16 = 28 #### 28
Sean has 55 blocks . 29 are eaten by a hippopotamus . How many blocks will Sean have ?,55 - 29 = 26 #### 26
There are 43 pencils in the drawer and 19 pencils on the desk . Dan placed 16 pencils on the desk . How many pencils are now there in total ?,43 + 19 + 16 = 78 #### 78
"Cody bought 7 boxes of chocolate candy and 3 boxes of caramel candy . If each box has 8 pieces inside it , how much candy did he have total ?",8 * ( 7 + 3 ) = 80 #### 80
There were 14 kids on the soccer field . 22 kids decided to join in . Now how many kids are on the soccer field ?,14 + 22 = 36 #### 36
"David has 8 bananas . He gets 50 more from Christopher . Later , David buys 9 cards at the store . How many bananas does David have in all ?",8 + 50 = 58 #### 58
"Bianca 's team won their dodgeball game and scored 75 points total . If Bianca scored 45 of the points and everyone else scored 6 points each , how many players were on her team ?",( 75 - 45 ) / 6 = 5 #### 5
"At lunch a waiter had 10 customers and 5 of them did n't leave a tip . If he got $ 3 each from the ones who did tip , how much money did he earn ?",3 * ( 10 - 5 ) = 15 #### 15
Fred grew 38 cantelopes . Tim grew 44 cantelopes . How many cantelopes did they grow in total ?,38 + 44 = 82 #### 82
Mrs. Hilt bought a yoyo for 24 cents and a whistle for 14 cents . How much did she spend in all for the two toys ?,24 + 14 = 38 #### 38
Tom has 9 yellow balloons . Sara has 8 yellow balloons . How many yellow balloons do they have in total ?,9 + 8 = 17 #### 17
"Tiffany was playing a video game and had 43 lives . In a hard part of the game she lost 14 lives . If she got 27 more lives in the next level , how many lives would she have ?",43 + 27 - 14 = 56 #### 56
Sam went to 14 football games this year . He went to 29 games last year . How many football games did Sam go to in all ?,14 + 29 = 43 #### 43
"There were 5 friends playing a video game online when 2 more players joined the game . If each player had 8 lives , how many lives did they have total ?",8 * ( 5 + 2 ) = 56 #### 56
Elise had $ 8 . Then she saved $ 13 from her allowance and spent $ 2 on a comic book and $ 18 on a puzzle . How much money does Elise have left ?,8 + 13 - ( 2 + 18 ) = 1 #### 1
James rode 80 miles at 16 miles per hour . How long did James ride ?,80 / 16 = 5 #### 5
"Joan joined her school 's band . She bought a trumpet for $ 149.16 , a music tool for $ 9.98 , and a song book which was $ 4.14 . Joan found $ 8.65 in her pocket . How much did Joan spend at the music store ?",149.16 + 9.98 + 4.14 = 163.28 #### 163.28
"Keith spent $ 136.01 on speakers , $ 139.38 on a CD player , and $ 112.46 on new tires . He wanted 3 CD 's for $ 6.16 , but did n't buy them . In total , how much did he spend ?",136.01 + 139.38 + 112.46 = 387.85 #### 387.85
Arthur removes 4 pencils from a jar . There were originally 87 pencils in the jar . How many pencils are left in the jar ?,87 - 4 = 83 #### 83
"Alyssa went to 11 soccer games this year , but missed 12 . She went to 13 games last year and plans to go to 15 games next year . How many soccer games will Alyssa go to in all ?",11 + 13 + 15 = 39 #### 39
I walk 1 mile every 15 minutes . I walked 3 miles . How many minutes did it take me ?,15 * 3 = 45 #### 45
"While shopping for music online , Faye bought 2 country albums and 3 pop albums . Each album came with a lyric sheet and had 6 songs . How many songs did Faye buy total ?",6 * ( 2 + 3 ) = 30 #### 30
There are 86 blocks . 9 blocks more are added . How many are there total ?,86 + 9 = 95 #### 95
"The school cafeteria ordered 37 red apples and 45 green apples for students lunches . But , if only 51 students wanted fruit , how many extra did the cafeteria end up with ?",37 + 45 - 51 = 31 #### 31
"The school cafeteria had 17 apples . If they used 2 to make lunch for the students and then bought 23 more , how many apples would they have ?",17 + 23 - 2 = 38 #### 38
Stanley ran 0.4 mile and walked 0.2 mile . How much farther did Stanley run than walk ?,0.4 - 0.2 = 0.2 #### 0.2
"There are 4 children in the classroom , each student will get 2 pencils . How many pencils will the teacher have to give out ?",4 * 2 = 8 #### 8
The school is planning a field trip . There are 180 students and 60 seats on each school bus . How many buses are needed to take the trip ?,180 / 60 = 3 #### 3
"The school cafeteria had 12 apples . If they used 8 to make lunch for the students and then bought 19 more , how many apples would they have ?",12 + 19 - 8 = 23 #### 23
"The distance measured on a map varies directly with the actual distance . If 1 cm represents 25 kilometers , how many kilometers are represented by 7 cm ?",25 * 7 = 175 #### 175
"Nancy , Melanie , Mary , and Alyssa each bought 540 baseball cards , which come in packs of 20 . How many packs of baseball cards do they have in all ?",4.0 * 540 / 20 = 108 #### 108
Chloe was unboxing some of her old winter clothes . She found 4 boxes of clothing and inside each box there were 2 scarves and 6 mittens . How many pieces of winter clothing did Chloe have total ?,4 * ( 2 + 6 ) = 32 #### 32
How many yards of material from a 24 yard length of cloth remains after 3 pieces each 3.5 yards long and 5 pieces each 2.25 long are removed ?,24 - 3 * 3.5 - 5 * 2.25 = 2.25 #### 2.25
A recipe calls for 0.67 cup of diced green pepper . Give the number of cups of diced green pepper that should be used to make 0.5 of this recipe .,0.67 * 0.5 = 0.33 #### 0.33
For Halloween Robin scored 23 pieces of candy . She ate 7 pieces the first night and then her sister gave her 21 more pieces . How many pieces of candy does Robin have now ?,23 + 21 - 7 = 37 #### 37
58 children are taking a bus to the zoo . They sit 2 children in every seat . How many seats will the children need in all ?,58 / 2 = 29 #### 29
There are 3 short trees and 6 tall trees currently in the park . Park workers will plant 9 short trees today . How many short trees will the park have when the workers are finished ?,3 + 9 = 12 #### 12
Steven wants to split a collection of cards into groups of 6 . Steven has 30 cards . How many groups will be created ?,30 / 6 = 5 #### 5
"Wendy was playing a video game where she scores 5 points for each treasure she finds . If she found 4 treasures on the first level and 3 on the second , what would her score be ?",5 * ( 4 + 3 ) = 35 #### 35
Tanner saved $ 17 in September . He saved $ 48 in October and $ 25 in November . Then Tanner spent $ 49 on a video game . How much money does Tanner have left ?,17 + 48 + 25 - 49 = 41 #### 41
"Mrs. Hilt went to a concert . A total of 65899 people attended the concert . The next week , she went to a second concert , which had 119 more people in attendance . How many people were at the second concert ?",65899 + 119 = 66018 #### 66018
Mike has 87 baseball cards . Sam bought 13 of Mike 's baseball cards . How many baseball cards does Mike have now ?,87 - 13 = 74 #### 74
Steve has 46 oranges . He shares 4 with Patrick . How many oranges will Steve have ?,46 - 4 = 42 #### 42
"Haley and her friends were recycling paper for their class . For every 3 pounds they recycled they earned one point . If Haley recycled 11 pounds and her friends recycled 16 pounds , how many points did they earn ?",( 11 + 16 ) / 3 = 9 #### 9
Adam has $ 5 to buy an airplane that costs $ 4.28 . How much change will he get ?,5 - 4.28 = 0.72 #### 0.72
"While on vacation , Nancy took 49 pictures at the zoo and 8 at the museum . If she later deleted 38 of the pictures , how many pictures from her vacation did she still have ?",49 + 8 - 38 = 19 #### 19
"In 1 week , Mitch 's family drank 0.5 carton of regular milk and 0.1 carton of soy milk . How much milk did they drink in all ?",0.5 + 0.1 = 0.6 #### 0.6
"Albert ’ s cabbage patch has 12 rows of cabbage . In each row , there are 15 heads of cabbage . How many heads of cabbage does Albert have in all ?",12 * 15 = 180 #### 180
"A ship is filled with 5973 tons of cargo . It stops in the Bahamas , where sailors load 8723 tons of cargo onboard . How many tons of cargo does the ship hold now ?",5973 + 8723 = 14696 #### 14696
"An oil pipe in the sea broke . Before engineers started to fix the pipe , 2475 gallons of oil leaked into the water . A total of 6206 gallons of oil leaked before the pipe was fixed . How many gallons of oil leaked while the engineers were fixing the pipe ?",6206 - 2475 = 3731 #### 3731
"A book store had 41 books in the bargin bin . If they sold 33 books , but then put 2 more in the bin , how many books would be in the bin ?",41 + 2 - 33 = 10 #### 10
"Oliver had 11 socks . If he threw away 4 old ones that did n't fit and bought 26 new ones , how many socks would he have ?",11 + 26 - 4 = 33 #### 33
Tim has saved 2000 cents from selling lemonade . How many dollars does Tim have ?,2000 / 100.0 = 20 #### 20
"A painter needed to paint 6 rooms in a building . Each room takes 5 hours to paint . If he already painted 2 rooms , how much longer will he take to paint the rest ?",5 * ( 6 - 2 ) = 20 #### 20
Carol starts with 42 blocks . She loses 25 . How many blocks does Carol end with ?,42 - 25 = 17 #### 17
Kelly has 121 Nintendo games . How many does Kelly need to give away so that Kelly will have 22 games left ?,121 - 22 = 99 #### 99
"At lunch a waiter had 7 customers and 4 of them did n't leave a tip . If he got $ 9 each from the ones who did tip , how much money did he earn ?",9 * ( 7 - 4 ) = 27 #### 27
"Last Saturday , Spencer walked all over town running errands . First , he walked 0.3 mile from his house to the library and 0.1 mile from the library to the post office . Then he walked 0.4 mile from the post office back home . How many miles did Spencer walk in all ?",0.3 + 0.1 + 0.4 = 0.8 #### 0.8
"A bucket contains 3 gallons of water . If Derek adds 6.8 gallons more , how many gallons will there be in all ?",3 + 6.8 = 9.8 #### 9.8
An MP3 player costs 40 dollars . The sales tax is 2.4 dollars . What is the percent of sales tax ?,2.4 / 40 * 100.0 = 6 #### 6
A pet store had 78 puppies . In one day they sold 30 of them and put the rest into cages with 8 in each cage . How many cages did they use ?,( 78 - 30 ) / 8 = 6 #### 6
"A renovation project required 0.17 truck - load of sand , 0.33 truck - load of dirt , and 0.17 truck - load of cement . How many truck - loads of material were needed in all ?",0.17 + 0.17 + 0.33 = 0.67 #### 0.67
"At a sale , the cost of a pair of shoes was reduced from 42 dollars to 33.6 dollars . What was the percent of discount ?",( 42 - 33.6 ) / 42 * 100.0 = 20 #### 20
"Each child has 3 oranges . If there are 4 children , how many oranges are there in total ?",3 * 4 = 12 #### 12
"Frank made 19 dollars mowing lawns over the summer . If he spent 11 dollars buying new mower blades , how many 2 dollar games could he buy with the money he had left ?",( 19 - 11 ) / 2 = 4 #### 4
"A worksheet had 4 problems on it . If a teacher had 9 worksheets to grade and had already graded 5 of them , how many more problems does she have to grade ?",4 * ( 9 - 5 ) = 16 #### 16
"Kaleb started his own lawn mowing business . In the spring he made 4 dollars mowing lawns and in the summer he made 50 dollars . If he had to spend 4 dollars buying supplies , how much money did he end up with ?",4 + 50 - 4 = 50 #### 50
"Dave had to wash 9 short sleeve shirts and 27 long sleeve shirts before school . If he had only washed 20 of them by the time school started , how many did he not wash ?",9 + 27 - 20 = 16 #### 16
"As Alyssa was searching through her couch cushions , she found 12 quarters , and 7 pennies in the couch . How much money in total does Alyssa have ?",12 * 0.25 + 7 * 0.01 = 3.07 #### 3.07
Tim 's cat had kittens . He gave 3 to Jessica and 6 to Sara . He now has 9 kittens . How many kittens did he have to start with ?,3 + 6 + 9 = 18 #### 18
Fred has 5 baseball cards . Melanie bought 3 of Fred 's baseball cards . How many baseball cards does Fred have now ?,5 - 3 = 2 #### 2
"A pet store has 9 bird cages . If each cage has 2 parrots and 6 parakeets in it , how many birds does the pet store have total ?",9 * ( 2 + 6 ) = 72 #### 72
"Luke had 48 dollars in January . By March he had spent 11 dollars . If he got another 21 dollars from his mom , how much money would he have ?",48 + 21 - 11 = 58 #### 58
"White t - shirts can be purchased in packages of 6 . If Mom buys 71 packages , how many white t - shirts will Mom have ?",6 * 71 = 426 #### 426
"There were 11 friends playing a video game online when 5 players quit . If each player left had 5 lives , how many lives did they have total ?",5 * ( 11 - 5 ) = 30 #### 30
A pet store had 81 puppies . In one day they sold 41 of them and put the rest into cages with 8 in each cage . How many cages did they use ?,( 81 - 41 ) / 8 = 5 #### 5
Joan bought 6 dozen eggs from the grocery store to bake some cakes . How many eggs did Joan buy ?,6 * 12.0 = 72 #### 72
A store had 40 oranges in a bin . If they threw away 37 of the old ones and put 7 new ones in the bin how many would be in the bin ?,40 + 7 - 37 = 10 #### 10
"Kaleb had 34 books . If he sold 17 of them and used the money he earned to buy 7 new books , how many books would Kaleb have ?",34 + 7 - 17 = 24 #### 24
There are 16 bottle caps in a box . Marvin takes 6 bottle caps . How many are left ?,16 - 6 = 10 #### 10
The Hawks scored 3 touchdowns worth 7 points each . How many points do they have ?,3 * 7 = 21 #### 21
"Tiffany uploaded 7 pictures from her phone and 13 from her camera to facebook . If she sorted the pics into 5 different albums with the same amount of pics in each album , how many pictures were in each of the albums ?",( 7 + 13 ) / 5 = 4 #### 4
"In a video game , each enemy defeated gives you 7 points . If a level has 11 enemies total and you destroy all but 8 of them , how many points would you earn ?",7 * ( 11 - 8 ) = 21 #### 21
A restaurant served 9 hot dogs during lunch and 2 during dinner today . It served 5 of them yesterday . How many hot dogs were served today ?,9 + 2 = 11 #### 11
Tim has 44 books . Sam has 52 books . How many books do they have together ?,44 + 52 = 96 #### 96
"Last Saturday , Marie sold 425 magazines and 275 newspapers . What is the total number of reading materials she sold ?",425 + 275 = 700 #### 700
"John had 5 dollars . At the store he spent $ 2 on a new game . If he got another 26 dollars for his allowance , how much money does he have now ?",5 + 26 - 2 = 29 #### 29
Sara picked 35 pears and 27 apples from the orchard . She gave 28 pears to Dan . How many pears does Sara have ?,35 - 28 = 7 #### 7
"Each child has 2 candies . If there are 9 children , how many candies are there in total ?",2 * 9 = 18 #### 18
"There are 65 students trying out for the school 's trivia teams . If 17 of them did n't get picked for the team and the rest were put into 8 groups , how many students would be in each group ?",( 65 - 17 ) / 8 = 6 #### 6
"Maria bought 2 new chairs and 2 new tables for her house . If she spent 8 minutes on each piece furniture putting it together , how many minutes did it take her to finish ?",8 * ( 2 + 2 ) = 32 #### 32
Sandy sold lemonade in her neighborhood . She got 17 half - dollars on Saturday and 6 half - dollars on Sunday . What amount of money did Sandy receive ?,17 * 0.5 + 6 * 0.5 = 11.5 #### 11.5
Josh had 142 pencils . He gave 31 pencils to Dorothy . How many pencils does Josh have left ?,142 - 31 = 111 #### 111
"Isabel was selling her necklaces at a garage sale . She sold 3 bead necklaces and 3 gem stone necklaces . If each necklace cost 6 dollars , how much money did she earn ?",6 * ( 3 + 3 ) = 36 #### 36
For the school bake sale Amy made pastries . She baked 15 cupcakes and 48 cookies . After the sale she had 12 to take back home . How many pastries did she sell ?,15 + 48 - 12 = 51 #### 51
Lino picked up 292 shells at the seashore in the morning and 324 shells in the afternoon . How many shells did he pick up in all ?,292 + 324 = 616 #### 616
It takes 7 minutes to bake one pan of cookies . How long will it take to bake 4 pans of cookies ?,7 * 4 = 28 #### 28
"Sarah had 60 homework problems . She finished 20 of them but still had 5 pages of problems to do . If each page has the same number of problems on it , how many problems are on each page ?",( 60 - 20 ) / 5 = 8 #### 8
Arthur baked 35 muffins . How many more muffins does Arthur have to bake to have 83 muffins ?,83 - 35 = 48 #### 48
"Dan spent $ 11.76 on a snake toy , and a cage cost him $ 14.54 . Dan also found a dollar bill on the ground . What was the total cost of Dan 's purchases ?",11.76 + 14.54 = 26.3 #### 26.3
"Mrs. Hilt baked pies last weekend for a holiday dinner . She baked 16 pecan pies and 14 apples pies . If she wants to arrange all of the pies in rows of 5 pies each , how many rows will she have ?",16 + 14 = 30 #### 30
Mrs. Hilt measured the distance from her desk to the water fountain . It was 30 feet . How many feet will Mrs. Hilt walk on her trips to the fountain if she goes to the water fountain 4 times today ?,30 * 4 = 120 #### 120
"At the arcade Jerry won 4 tickets . If he spent 2 tickets on a beanie and later won 47 more tickets , how many would he have ?",4 + 47 - 2 = 49 #### 49
There are 3 calories in a candy bar . How many calories are there in 5 candy bars ?,3 * 5 = 15 #### 15
"Edward was trying to expand his game collection . He bought 41 games from a friend and bought 14 more at a garage sale . If 31 of the games did n't work , how many good games did he end up with ?",41 + 14 - 31 = 24 #### 24
Benny found 66 seashells and 49 starfish on the beach . He gave 52 of the seashells to Jason . How many seashells does Benny now have ?,66 - 52 = 14 #### 14
"Luke had 47 pieces of clothing to wash . He put 17 of them in one load , but decided to split the rest into 5 equal loads . How many pieces of clothing could go in each of the small loads ?",( 47 - 17 ) / 5 = 6 #### 6
"Megan was organizing her book case making sure each of the shelves had exactly 7 books on it . If she had 8 shelves of mystery books and 2 shelves of picture books , how many books did she have total ?",7 * ( 8 + 2 ) = 70 #### 70
Wendy uploaded 79 pictures to Facebook . She put 44 pics into one album and put the rest into 5 different albums . How many pictures were in each album ?,( 79 - 44 ) / 5 = 7 #### 7
Mrs. Wong had 30 Valentines . She gave 8 Valentines to her children . How many does she have left ?,30 - 8 = 22 #### 22
Carol collects 2 peanuts . Carol 's father gives Carol 5 more . How many peanuts does Carol have ?,2 + 5 = 7 #### 7
"Evelyn has 95 marbles . She gets 9 more from Henry . Later , Evelyn buys 6 cards at the store . How many marbles does Evelyn have in all ?",95 + 9 = 104 #### 104
"The junior ranger asked Christian to help him place 420 seedlings in packets . If every packet needs to contain 7 seeds , how many packets do they need ?",420 / 7 = 60 #### 60
Mary had 21 dimes and 38 pennies in her bank . Her dad borrowed 18 pennies from Mary . How many pennies does she have now ?,38 - 18 = 20 #### 20
Melanie goes fishing with Tom . Melanie catches 8 trout . Tom catches 2 times as many trout as Melanie . How many trout did Tom catch ?,8 * 2 = 16 #### 16
Heather has 60 oranges . Russell takes 35 away . How many oranges will Heather have ?,60 - 35 = 25 #### 25
Victor was working as a sacker at a grocery store where he made 6 dollars an hour . On Monday he worked 5 hours and on Tuesday he worked 5 hours . How much money did Victor make in those two days ?,6 * ( 5 + 5 ) = 60 #### 60
There are 107 walnut trees currently in the park . Park workers will plant 104 walnut trees today . How many walnut trees will the park have when the workers are finished ?,107 + 104 = 211 #### 211
Peter starts with 8 erasers . Bridget gives Peter 3 more . How many erasers does Peter end with ?,8 + 3 = 11 #### 11
"At a restaurant each adult meal costs $ 5 and kids eat free . If a group of 15 people came in and 8 were kids , how much would it cost for the group to eat ?",5 * ( 15 - 8 ) = 35 #### 35
"There are 58 students trying out for the school 's trivia teams . If 10 of them did n't get picked for the team and the rest were put into 8 groups , how many students would be in each group ?",( 58 - 10 ) / 8 = 6 #### 6
Roger had 16 dollars . For his birthday he got 28 more dollars but spent 25 on a new game . How much money does he have now ?,16 + 28 - 25 = 19 #### 19
"Lexie ’ s younger brother helped pick up all the paper clips in Lexie ’ s room . He was able to collect 81 paper clips . If he wants to distribute the paper clips in 9 boxes , how many paper clips will each box contain ?",81 / 9 = 9 #### 9
"Wendy uploaded 22 pictures from her phone and 2 from her camera to facebook . If she sorted the pics into 4 different albums with the same amount of pics in each album , how many pictures were in each of the albums ?",( 22 + 2 ) / 4 = 6 #### 6
"Henry was helping the cafeteria workers pick up lunch trays , but he could only carry 9 trays at a time . If he had to pick up 29 trays from one table and 52 trays from another , how many trips will he make ?",( 29 + 52 ) / 9 = 9 #### 9
"Sarah had some trucks . She gave 13 to Jeff , and now she has 38 trucks left . How many trucks did Sarah have to start with ?",13 + 38 = 51 #### 51
Amy starts with 7 peanuts . Gerald gives Amy 55 more . How many peanuts does Amy end with ?,7 + 55 = 62 #### 62
There are 38 books on the shelf . Marta put 10 more books on the shelf . How many books are on the shelf now ?,38 + 10 = 48 #### 48
A recipe calls for 2 cups of sugar . You find that you only have 0.33 cups of sugar left . What fraction of the recipe can you make ?,0.33 / 2 = 0.17 #### 0.17
Lisa flew 256 miles at 32 miles per hour . How long did Lisa fly ?,256 / 32 = 8 #### 8
"A waiter had 22 customers in his section . If 14 of them left and the rest of his tables had 4 people at each table , how many tables did he have ?",( 22 - 14 ) / 4 = 2 #### 2
There are 25 popular trees currently in the park . Park workers will plant 73 popular trees today . How many popular trees will the park have when the workers are finished ?,25 + 73 = 98 #### 98
"Jonathan wants to buy a dictionary that costs $ 11 , a dinosaur book that costs $ 19 , and a children 's cookbook that costs $ 7 . He has saved $ 8 from his allowance . How much more money does Jonathan need to buy all three books ?",11 + 19 + 7 - 8 = 29 #### 29
"Megan picked 19 carrots from her garden . If she threw out 4 of them and then picked 46 more the next day , how many carrots would she have total ?",19 + 46 - 4 = 61 #### 61
There are 47 eggs in a box . Harry takes 5 eggs . How many are left ?,47 - 5 = 42 #### 42
"Fred has 10 red balloons , Sam has 46 red balloons , and Dan has 16 red balloons . The balloons cost 10 dollars . How many red balloons do they have in all ?",10 + 46 + 16 = 72 #### 72
"Paul got a box of 479 crayons for his birthday . At the end of the school year , he only had 134 left . How many crayons had been lost or given away ?",479 - 134 = 345 #### 345
Benny goes out to lunch with Sara and Tom . Each person orders the $ 8 lunch special . Benny agrees to pay the bill . How much will he have to pay ?,3.0 * 8 = 24 #### 24
William has 10 marbles . He shares 3 with Theresa . How many marbles will William have ?,10 - 3 = 7 #### 7
"John had 5 action figures , but needed 7 total for a complete collection . If each one costs $ 5 , how much money would he need to finish his collection ?",5 * ( 7 - 5 ) = 10 #### 10
A pet store had 13 puppies . In one day they sold 7 of them and put the rest into cages with 2 in each cage . How many cages did they use ?,( 13 - 7 ) / 2 = 3 #### 3
"Roger had 120 pieces of clothing to wash . He put 48 of them in one load , but decided to split the rest into 9 equal loads . How many pieces of clothing could go in each of the small loads ?",( 120 - 48 ) / 9 = 8 #### 8
There are 64 pigs in the barn . Some more come to join them . Now there are 86 pigs . How many pigs came to join them ?,86 - 64 = 22 #### 22
"Mrs. Hilt went to a concert . A total of 65899 people attended the concert . The next week , Mrs. Hilt went to a second concert , which had 119 more people in attendance . How many people were at the second concert ?",65899 + 119 = 66018 #### 66018
"A florist had 6 roses . If she sold 5 of them and then later picked 12 more , how many roses would she have ?",6 + 12 - 5 = 13 #### 13
"If Heather bicycled 40 kilometers at 8 kilometers per hour , how long was Heather bicycling ?",40 / 8 = 5 #### 5
"Tom purchased a football game for $ 14.02 , a strategy game for $ 9.46 , and a Batman game for $ 12.04 . How much did Tom spend on video games ?",14.02 + 9.46 + 12.04 = 35.52 #### 35.52
Carolyn starts with 47 marbles and 6 oranges . She shares 42 with Diana . How many marbles does Carolyn end with ?,47 - 42 = 5 #### 5
Dan bought 9 dozen eggs from the grocery store to bake some cakes . How many eggs did Dan buy ?,9 * 12.0 = 108 #### 108
There are 9 cards . 4 cards more are added . How many are there total ?,9 + 4 = 13 #### 13
"At the arcade Cody won 49 tickets . If he spent 25 tickets on a beanie and later won 6 more tickets , how many would he have ?",49 + 6 - 25 = 30 #### 30
"Sara grew 43 pumpkins , but the rabbits ate 23 pumpkins . How many pumpkins does Sara have left ?",43 - 23 = 20 #### 20
"Dave had 10 video games but 2 of them were n't working . If he wanted to sell the working games for $ 4 each , how much money could he earn ?",4 * ( 10 - 2 ) = 32 #### 32
Megan had 93 files on her computer . She deleted 21 of them and put the rest into folders with 8 files in each one . How many folders did Megan end up with ?,( 93 - 21 ) / 8 = 9 #### 9
Sam went to 14 football games this year . He went to 29 games last year . How many football games did Sam go to in all ?,14 + 29 = 43 #### 43
There are 5 oak trees currently in the park . Park workers will plant 4 oak trees today . How many oak trees will the park have when the workers are finished ?,5 + 4 = 9 #### 9
A pet store had 56 puppies . In one day they sold 24 of them and put the rest into cages with 4 in each cage . How many cages did they use ?,( 56 - 24 ) / 4 = 8 #### 8
Sara had 21 quarters in her bank . Her dad gave her 49 quarters . How many quarters does she have now ?,21 + 49 = 70 #### 70
Betty bought 88 pink flower stones and wanted to make 8 bracelets out of these stones . How many pink flower stones will each bracelet have if she used the same number of stones in each bracelet ?,88 / 8 = 11 #### 11
"The cafeteria had 86 apples . For lunch they handed out 30 to students and decided to use the rest to make pies . If each pie takes 8 apples , how many pies could they make ?",( 86 - 30 ) / 8 = 7 #### 7
"There are 36 bananas in Diane 's banana collection . If the bananas are organized into 6 groups , how big is each group ?",36 / 6 = 6 #### 6
"My dog had some bones . Then , he dug up 367 bones . Now he has 860 bones . How many bones did he start with ?",860 - 367 = 493 #### 493
"A book is on sale for 10 % off . If the regular price is 27.9 dollars , what is the sale price ?",( 1.0 - 10 * 0.01 ) * 27.9 = 25.11 #### 25.11
"While shopping for music online , Isabel bought 6 country albums and 2 pop albums . Each album came with a lyric sheet and had 9 songs . How many songs did Isabel buy total ?",9 * ( 6 + 2 ) = 72 #### 72
"John was trying to expand his game collection . He bought 21 games from a friend and bought 8 more at a garage sale . If 23 of the games did n't work , how many good games did he end up with ?",21 + 8 - 23 = 6 #### 6
"Joshua has 40 Skittles and 6 eggs . If he shares the Skittles among 5 friends , how many Skittles does each friend get ?",40 / 5 = 8 #### 8
There are 7 crayons in the drawer . Mary took 3 crayons out of the drawer . How many crayons are there now ?,7 - 3 = 4 #### 4
Jonah added 0.3 cup of yellow raisins and 0.4 cup of black raisins to a batch of trail mix . How many cups of raisins did Jonah add in all ?,0.3 + 0.4 = 0.7 #### 0.7
"While on vacation , Megan took 15 pictures at the zoo and 18 at the museum . If she later deleted 31 of the pictures , how many pictures from her vacation did she still have ?",15 + 18 - 31 = 2 #### 2
"Vanessa had 13 music files and 30 video files on her flash drive . If she deleted 10 of the files , how many files were still on her flash drive ?",13 + 30 - 10 = 33 #### 33
"Fred loves trading cards . He bought 2 packs of football cards for $ 2.73 each , a pack of Pokemon cards for $ 4.01 , and a deck of baseball cards for $ 8.95 . How much did Fred spend on cards ?",2 * 2.73 + 4.01 + 8.95 = 18.42 #### 18.42
There are 9 crayons in the drawer . Benny placed 3 crayons in the drawer . How many crayons are now there in total ?,9 + 3 = 12 #### 12
Sara picked 45 pears and Sally picked 11 pears from the pear tree . How many pears were picked in total ?,45 + 11 = 56 #### 56
"Megan 's class is going on a field trip to the zoo . If each van can hold 5 people and there are 25 students and 5 adults going , how many vans will they need ?",( 5 + 25 ) / 5 = 6 #### 6
"Milford Lake was originally blue because it only had 809 algae plants . Now there are 3263 algae plants , and the lake has turned green . How many more algae plants are in Milford Lake now ?",3263 - 809 = 2454 #### 2454
Willie starts with 36 stickers . He gives 7 to Emily . How many stickers does Willie end with ?,36 - 7 = 29 #### 29
Norma has 88 cards . She loses 70 . How many cards will Norma have ?,88 - 70 = 18 #### 18
"Albert has 35 oranges stored in boxes . If there are 7 boxes , how many oranges must go in each box ?",35 / 7 = 5 #### 5
"If there are 7 eggs in a box and Daniel puts 4 more eggs inside , how many eggs are in the box ?",7 + 4 = 11 #### 11
"If apples cost 3.75 dollars for 3 pounds , what is the cost , at the same rate , of 7 pounds of apples ?",3.75 / 3 * 7 = 8.75 #### 8.75
Edward starts with 92 eggs . He gives 40 to Phillip . How many eggs does Edward end with ?,92 - 40 = 52 #### 52
There are 54 scissors in the drawer . Keith placed 22 more scissors in the drawer . How many scissors are now there in all ?,54 + 22 = 76 #### 76
Bobby has 142 books . Kristi has 78 books . How many more books does Bobby have than Kristi ?,142 - 78 = 64 #### 64
There were 28 girls and 35 boys on the playground at recess . How many children were there in all ?,28 + 35 = 63 #### 63
There are 14240 books in a library . They are arranged on shelves that hold 8 books each . How many shelves are in the library ?,14240 / 8 = 1780 #### 1780
Mrs. Hilt bought 6 hot dogs . Each hot dog cost 50 cents . How much money did she pay for all of the hot dogs ?,6 * 50 = 300 #### 300
"Lena drove 204 miles . Using 10 gallons of gas at this rate , how many gallons of gas would she need to drive 255 miles ?",255 / ( 204 / 10 ) = 12.5 #### 12.5
"A pet store has 6 bird cages . If each cage has 6 parrots and 2 parakeets in it , how many birds does the pet store have total ?",6 * ( 6 + 2 ) = 48 #### 48
Mrs. Hilt reads 5 books a day . How many books does she read in 3 days ?,5 * 3 = 15 #### 15
For Halloween Faye scored 47 pieces of candy . She ate 25 pieces the first night and then her sister gave her 40 more pieces . How many pieces of candy does Faye have now ?,47 + 40 - 25 = 62 #### 62
"While making pastries , a bakery used 0.2 bag of wheat flour and 0.1 bag of white flour . How many bags of flour did the bakery use in all ?",0.2 + 0.1 = 0.3 #### 0.3
"In Mr. Olsen 's mathematics class , 0.7 the students received A 's and 0.2 received B 's . What fraction of the students received either A 's or B 's ?",0.7 + 0.2 = 0.9 #### 0.9
"Before starting her shift , a waitress checks to make sure there is enough mustard for her customers . She finds 0.25 bottle at the first table , 0.25 bottle at the second table , and 0.38 bottle at the third table . Altogether , how many bottles of mustard does the waitress find ?",0.25 + 0.25 + 0.38 = 0.88 #### 0.88
Heather starts with 86 blocks . She shares 41 with Jose . How many blocks does Heather end with ?,86 - 41 = 45 #### 45
"Will was organizing his baseball cards in a binder with 3 on each page . If he had 8 new cards and 10 old cards to put in the binder , how many pages would he use ?",( 8 + 10 ) / 3 = 6 #### 6
Sandy grew 8 carrots and 7 turnips . Mary grew 6 carrots . How many carrots did they grow in all ?,8 + 6 = 14 #### 14
"Adam bought 13 boxes of chocolate candy and gave 7 to his little brother . If each box has 6 pieces inside it , how many pieces did Adam still have ?",6 * ( 13 - 7 ) = 36 #### 36
"Melanie , Benny , Sandy , and Jessica each have 9 dozen Pokemon cards . How many Pokemon cards do they have in all ?",4.0 * ( 9 * 12.0 ) = 432 #### 432
"At the town carnival Billy rode the ferris wheel 7 times and the bumper cars 3 times . If each ride cost 5 tickets , how many tickets did he use ?",5 * ( 7 + 3 ) = 50 #### 50
George has 5 boxes of eggs . Each box holds 3 eggs and there are 9 boxes in a case . How many eggs does George have ?,5 * 3 = 15 #### 15
There are 33 walnut trees currently in the park . Park workers will plant 44 more walnut trees today . How many walnut trees will the park have when the workers are finished ?,33 + 44 = 77 #### 77
"Students at Arcadia schools are participating in a coat drive . 9437 coats have been collected so far . 6922 coats were collected from the high schools , and the rest from the elementary schools . How many coats were collected at the elementary schools ?",9437 - 6922 = 2515 #### 2515
There are 27 pencils in the drawer . Nancy placed 45 pencils in the drawer . How many pencils are now there in total ?,27 + 45 = 72 #### 72
Gloria has 9 boxes of tickets . Each box holds 5 tickets and there are 10 boxes in a case . How many tickets does Gloria have ?,9 * 5 = 45 #### 45
"While shopping for music online , Janet bought 6 country albums and 2 pop albums . Each album came with a lyric sheet and had 9 songs . How many songs did Janet buy total ?",9 * ( 6 + 2 ) = 72 #### 72
"Pamela bought 9.8 ounces of sugar , and she spilled 5.2 ounces of it on the floor . How much is ?",9.8 - 5.2 = 4.6 #### 4.6
Patricia starts with 76 candies . Albert takes 5 away . How many candies does Patricia end with ?,76 - 5 = 71 #### 71
Mike has 87 baseball cards . Sam bought 13 of Mike 's baseball cards . How many baseball cards does Mike have now ?,87 - 13 = 74 #### 74
Ruth starts with 89 apples . She shares 5 with Peter . How many apples does Ruth end with ?,89 - 5 = 84 #### 84
"There are 46 children in the classroom , each student will get 4 dozen pencils . How many pencils will the teacher have to give out ?",46 * ( 4 * 12.0 ) = 2208 #### 2208
"Zoe and her friends were recycling paper for their class . For every 8 pounds they recycled they earned one point . If Zoe recycled 25 pounds and her friends recycled 23 pounds , how many points did they earn ?",( 25 + 23 ) / 8 = 6 #### 6
"A florist had 5 roses . If she sold 3 of them and then later picked 34 more , how many roses would she have ?",5 + 34 - 3 = 36 #### 36
Harold has 53 marbles . He gets 16 more from Steve . How many marbles does Harold have in all ?,53 + 16 = 69 #### 69
Sam had 9 dimes in his bank . His dad gave him 7 more dimes . How many dimes does Sam have now ?,9 + 7 = 16 #### 16
Nancy was planting vegetables in her garden . She started with 52 seeds and planted 28 of them in the big garden and in each of her small gardens put 4 seeds each . How many small gardens did Nancy have ?,( 52 - 28 ) / 4 = 6 #### 6
"There school 's baseball team had 2 new players and 6 returning players . If the coach put them into groups with 4 players in each group , how many groups would there be ?",( 2 + 6 ) / 4 = 2 #### 2
"Faye had 46 math problems and 9 science problems for homework . If she finished 40 of the problems at school , how many problems did she have to do for homework ?",46 + 9 - 40 = 15 #### 15
It takes 4 feet of cotton to make a tee - shirt . How many tee - shirts can be made with 60 feet of material ?,60 / 4 = 15 #### 15
There were 58 geese and 37 ducks in the marsh . How many birds were there in all ?,58 + 37 = 95 #### 95
"Olivia uploaded 5 pictures from her phone and 35 from her camera to facebook . If she sorted the pics into 8 different albums with the same amount of pics in each album , how many pictures were in each of the albums ?",( 5 + 35 ) / 8 = 5 #### 5
"If your gross pay is 450 dollars , while your net pay is 315 dollars , how much do you pay in taxes ? Assume that all tax dollars are not included in net pay .",450 - 315 = 135 #### 135
"The cafeteria had 62 apples . For lunch they handed out 8 to students and decided to use the rest to make pies . If each pie takes 9 apples , how many pies could they make ?",( 62 - 8 ) / 9 = 6 #### 6
"Joan found 79 seashells on the beach , she gave Mike 63 of the seashells . How many seashells does she now have ?",79 - 63 = 16 #### 16
"Sam had saved up 8 dollars . If he received another 7 dollars for his allowance , how many 3 dollar toys could he buy ?",( 8 + 7 ) / 3 = 5 #### 5
"Zoe had 15 songs on her mp3 player . If she deleted 8 old songs from it and then added 50 new songs , how many songs does she have on her mp3 player ?",15 + 50 - 8 = 57 #### 57
There are 6 marbles in each box . How many marbles are in 3 boxes ?,6 * 3 = 18 #### 18
Bryan has 50 skittles . Ben has 20 M & M ’ s . Who has more ? How many more does he have ?,50 - 20 = 30 #### 30
"The school cafeteria ordered 33 red apples and 23 green apples for students lunches . But , if only 21 students wanted fruit , how many extra did the cafeteria end up with ?",33 + 23 - 21 = 35 #### 35
"There were 10 students riding on the school bus . At the first stop , 3 students got off of the bus . How many students are left on the bus ?",10 - 3 = 7 #### 7
"If there are 7 crayons in a box and Gerald puts 6 more crayons inside , how many crayons are in the box ?",7 + 6 = 13 #### 13
A group of 4 friends went into a restaurant . The chef already had 9 chicken wings cooked but cooked 7 more for the group . If they each got the same amount how many would each person get ?,( 9 + 7 ) / 4 = 4 #### 4
Jason has 3 Pokemon cards . Benny bought 2 of Jason 's Pokemon cards . How many Pokemon cards does Jason have now ?,3 - 2 = 1 #### 1
"Henry had 3 action figures , but needed 8 total for a complete collection . If each one costs $ 6 , how much money would he need to finish his collection ?",6 * ( 8 - 3 ) = 30 #### 30
"Henry earned 5 dollars for each lawn he mowed . If he had 12 lawns to mow , but forgot to mow 7 of them , how much money did he actually earn ?",5 * ( 12 - 7 ) = 25 #### 25
The farmer had 127 apples . He gave 88 apples to his neighbor . How many apples does he have now ?,127 - 88 = 39 #### 39
"Isabel picked 66 flowers for her friend ’ s wedding . She was making bouquets with 8 flowers in each one . If 10 of the flowers wilted before the wedding , how many bouquets could she still make ?",( 66 - 10 ) / 8 = 7 #### 7
"There are 7.75 gallons of water in Becky 's fish tank . If Becky adds 7 gallons more , how many gallons will there be in all ?",7.75 + 7 = 14.75 #### 14.75
Sara has 10 marbles . She loses 7 . How many marbles will Sara have ?,10 - 7 = 3 #### 3
Carol was playing a trivia game . In the first round she scored 17 points and in the second round she scored 6 points . In the last round she lost 16 points . How many points did she have at the end of the game ?,17 + 6 - 16 = 7 #### 7
231 birds were sitting in a tree . Some more fly up to the tree . Then there were 312 birds in the tree . How many more fly up to the tree ?,312 - 231 = 81 #### 81
"There are 36 students trying out for the school 's trivia teams . If 9 of them did n't get picked for the team and the rest were put into 3 groups , how many students would be in each group ?",( 36 - 9 ) / 3 = 9 #### 9
Sara 's high school played 12 basketball games this year . The team won most of their games . They were defeated during 4 games . How many games did they win ?,12 - 4 = 8 #### 8
"Joe had 50 toy cars . If he gets 12 more cars , how many cars will he have then ?",50 + 12 = 62 #### 62
"A bowl contains 4 red chips , 3 blue chips , and 9 green chips . You choose 1 chip at random . What is the probability that your chip is not red ?",( 3 + 9 ) / ( 4 + 3 + 9 ) = 0.75 #### 0.75
A perfect score is 21 points . How many points would you have after 3 perfect games in a row ?,21 * 3 = 63 #### 63
Convert 0.18 to a percent .,0.18 * 100.0 = 17.6 #### 17.6
A man starts walking for the first week and walks 10 miles . Every week he increases the distance by 2 miles . How many miles does he walk by the 8th week ?,10 + 2 * ( 8.0 - 1.0 ) = 24 #### 24
A number is 14 less than the sum of 30 and 29 . What is the number ?,30 + 29 - 14 = 45 #### 45
Benny picked 2 apples and Dan picked 9 apples from the apple tree . How many apples were picked in total ?,2 + 9 = 11 #### 11
For Halloween Bianca received 32 pieces of candy . She ate 12 pieces then placed the rest into piles with 5 in each pile . How many piles could she make ?,( 32 - 12 ) / 5 = 4 #### 4
"Allie counted the leftover ice cream after a sundae party . She had 0.33 carton of rocky road ice cream , 0.33 carton of cookie dough ice cream , and 0.17 carton of strawberry cheesecake ice cream . How many cartons of ice cream did Allie have in all ?",0.33 + 0.33 + 0.17 = 0.83 #### 0.83
"Zoe baked 5 brownies , but needed 11 total for her party . If she used 7 cups of flour on each one , how much cups of flour does she still need ?",7 * ( 11 - 5 ) = 42 #### 42
"There are 9 students in the class and 81 tickets . If the tickets are divided equally among the students , how many does each student get ?",81 / 9 = 9 #### 9
There are 22 orchid bushes and 40 orange trees currently in the park . Park workers will plant 13 orchid bushes today . How many orchid bushes will the park have when the workers are finished ?,22 + 13 = 35 #### 35
"Mary found 45 seashells , Melanie found 23 seashells , and Jason found 32 seashells on the beach . When they cleaned them , they discovered that 31 were cracked . How many seashells did they find together ?",45 + 23 + 32 = 100 #### 100
"Mark 's father gave him $ 85 . Mark bought 10 books , each of which cost $ 5 . How much money does Mark have left ?",85 - 10 * 5 = 35 #### 35
"Adam earned 9 dollars for each lawn he mowed . If he had 12 lawns to mow , but forgot to mow 8 of them , how much money did he actually earn ?",9 * ( 12 - 8 ) = 36 #### 36
The schools debate team had 5 boys and 40 girls on it . If they were split into groups of 9 how many groups could they make ?,( 5 + 40 ) / 9 = 5 #### 5
"Brandy made trail mix for a backpacking trip . She used 0.17 pound of peanuts , 0.17 pound of chocolate chips , and 0.08 pound of raisins . How many pounds of trail mix did Brandy make ?",0.17 + 0.17 + 0.08 = 0.42 #### 0.42
"Sandy has 10 books , Benny has 24 books , and Tim has 33 books . How many books do they have together ?",10 + 24 + 33 = 67 #### 67
There are 7 dogwood trees currently in the park . Park workers will plant 3 more dogwood trees today and 2 more dogwood trees tomorrow . How many dogwood trees will the park have when the workers are finished ?,7 + 3 + 2 = 12 #### 12
Evelyn starts with 18 bottle caps . She finds another 63 . How many bottle caps does Evelyn end with ?,18 + 63 = 81 #### 81
"There were 3409 pieces of candy in a jar . If 145 pieces were red and the rest were blue , how many were blue ?",3409 - 145 = 3264 #### 3264
"A waiter at ' The Greasy Spoon ' restaurant had 39 customers to wait on . During the lunch rush he added another 12 customers . If 49 of the customers did n't leave him a tip , how many customers did leave a tip ?",39 + 12 - 49 = 2 #### 2
"Jack has a section filled with short story booklets . If each booklet has 9 pages and there are 49 booklets in the short story section , how many pages will Jack need to go through if he plans to read them all ?",9 * 49 = 441 #### 441
"Maria was making baggies of cookies with 8 cookies in each bag . If she had 5 chocolate chip cookies and 19 oatmeal cookies , how many baggies could she make ?",( 5 + 19 ) / 8 = 3 #### 3
Arthur baked 115 muffins . James baked 12 times as many . How many muffins did James bake ?,115 * 12 = 1380 #### 1380
13 ducks are swimming in a lake . 20 more ducks come to join them . How many ducks are swimming in the lake ?,13 + 20 = 33 #### 33
Sally has 6 blue balloons . Fred has 3 times more blue balloons than Sally . How many blue balloons does Fred have now ?,6 * 3 = 18 #### 18
Patrick jogged to Aaron 's house . It is 14 miles from Patrick 's house to Aaron 's house . It took Patrick 2 hours to get there . How fast did Patrick go ?,14 / 2 = 7 #### 7
Rachel was unboxing some of her old winter clothes . She found 7 boxes of clothing and inside each box there were 3 scarves and 4 mittens . How many pieces of winter clothing did Rachel have total ?,7 * ( 3 + 4 ) = 49 #### 49
"1 evening , a restaurant served a total of 0.2 loaf of wheat bread and 0.4 loaf of white bread . How many loaves were served in all ?",0.2 + 0.4 = 0.6 #### 0.6
"Christina just transferred $ 69 out of her bank account . As a result , the account now has $ 26935 in it . How much money was in the account before the transfer ?",69 + 26935 = 27004 #### 27004
"In one week , an airplane pilot flew 1134 miles on Tuesday and 1475 miles on Thursday . If the pilot flies the same number of miles 3 weeks in a row , how many miles does the pilot fly in all ?",3 * ( 1134 + 1475 ) = 7827 #### 7827
"Tom went to 4 hockey games this year , but missed 7 . He went to 9 games last year . How many hockey games did Tom go to in all ?",4 + 9 = 13 #### 13
"Wendy picked 103 flowers for her friend ’ s wedding . She was making bouquets with 8 flowers in each one . If 47 of the flowers wilted before the wedding , how many bouquets could she still make ?",( 103 - 47 ) / 8 = 7 #### 7
"If Harold split 15 apples between 3 people in her class and kept the left overs , how many apples did each classmate get ?",15 / 3 = 5 #### 5
"Ned was trying to expand his game collection . He bought 11 games from a friend and bought 22 more at a garage sale . If 19 of the games did n't work , how many good games did he end up with ?",11 + 22 - 19 = 14 #### 14
A group of 3 friends went into a restaurant . The chef already had 6 chicken wings cooked but cooked 3 more for the group . If they each got the same amount how many would each person get ?,( 3 + 6 ) / 3 = 3 #### 3
Omar and Karen made egg rolls to share at the school potluck . Omar rolled 219 egg rolls . Karen rolled 229 egg rolls . What is the total number of egg rolls Omar and Karen rolled ?,219 + 229 = 448 #### 448
"Oliver was organizing his baseball cards in a binder with 3 on each page . If he had 2 new cards and 10 old cards to put in the binder , how many pages would he use ?",( 2 + 10 ) / 3 = 4 #### 4
"The school cafeteria had 14 apples . If they used 13 to make lunch for the students and then bought 49 more , how many apples would they have ?",14 + 49 - 13 = 50 #### 50
"Robin 's class is going on a field trip to the zoo . If each van can hold 8 people and there are 22 students and 2 adults going , how many vans will they need ?",( 22 + 2 ) / 8 = 3 #### 3
"During 1 year , the Wagners ' real estate bill included 600 dollars for local schools . Of this amount , 150 dollars went to the high school district . What percent did the Wagner family pay to the high school district ?",150 / 600 * 100.0 = 25 #### 25
Fred has 110 blue marbles . Fred has 22 times more blue marbles than Tim . How many blue marbles does Tim have ?,110 / 22 = 5 #### 5
"Paige and her friends were recycling paper for their class . For every 4 pounds they recycled they earned one point . If Paige recycled 14 pounds and her friends recycled 2 pounds , how many points did they earn ?",( 14 + 2 ) / 4 = 4 #### 4
"While on vacation , Gwen took 41 pictures at the zoo and 29 at the museum . If she later deleted 15 of the pictures , how many pictures from her vacation did she still have ?",41 + 29 - 15 = 55 #### 55
A toy store had 6 giant stuffed bears in stock when they got another shipment with 18 bears in it . The put the bears onto shelves with 6 on each shelf . How many shelves did they use ?,( 6 + 18 ) / 6 = 4 #### 4
Luke was selling his old games . He started out with 57 but sold 39 of them . He packed the rest up putting 2 games into each box . How many boxes did he have to use ?,( 57 - 39 ) / 2 = 9 #### 9
For Halloween Sarah received 108 pieces of candy . She ate 36 pieces then placed the rest into piles with 9 in each pile . How many piles could she make ?,( 108 - 36 ) / 9 = 8 #### 8
"Before the recent housing boom , there were 1426 houses in Lawrence County . Now , there are 2000 houses . How many houses did developers build during the housing boom ?",2000 - 1426 = 574 #### 574
There are 7 dogwood trees currently in the park . Park workers will plant 5 dogwood trees today and 4 dogwood trees tomorrow . It took 8 workers to finish the work . How many dogwood trees will the park have when the workers are finished ?,7 + 5 + 4 = 16 #### 16
A 12 ounce can of cranberry juice sells for 84 cents . What is the cost in cents per ounce .,84 / 12 = 7 #### 7
Mike picked 8 pears and Jason picked 7 pears from the pear tree . Fred picked 6 apples from the apple tree . How many pears were picked in total ?,8 + 7 = 15 #### 15
"Julian is writing a comic book . His story has 143 frames in all . If he wants to put exactly 11 frames on each page , how many pages would he have ?",143 / 11 = 13 #### 13
It took Amanda 5 hours to stroll to Kimberly 's house at 2 miles per hour . How far is it between Amanda 's house and Kimberly 's house ?,5 * 2 = 10 #### 10
"Shannon , Brenda ’ s neighbor , joined Brenda in making bracelets . She brought 48 heart - shaped stones and wanted to have 8 of this type of stone in each of the bracelet she makes . How many bracelets with heart - shaped stones can Shannon make ?",48 / 8 = 6 #### 6
Jack is inviting 4 friends to a party . He has 4 cookies . How many cookies will each friend get ?,4 / 4 = 1 #### 1
"A ship is filled with 5973 tons of cargo . It stops in the Bahamas , where sailors load 8723 more tons of cargo onboard . How many tons of cargo does the ship hold now ?",5973 + 8723 = 14696 #### 14696
"A study reported that in a random sampling of 100 women over the age of 35 , 8 of the women were married 2 or more times . Based on the study results , how many woman in a group of 5000 women over the age of 35 would likely be married 2 or more times ?",8 / 100 * 5000 = 400 #### 400
"Fred picked 36 limes , Alyssa picked 32 limes , and Nancy picked 35 limes and 18 pears , at the farm . How many limes were picked in total ?",36 + 32 + 35 = 103 #### 103
"Virginia has 16 eggs and 8 Skittles . If she shares the eggs among 4 friends , how many eggs does each friend get ?",16 / 4 = 4 #### 4
"Will made 104 dollars mowing lawns over the summer . If he spent 41 dollars buying new mower blades , how many 9 dollar games could he buy with the money he had left ?",( 104 - 41 ) / 9 = 7 #### 7
"Nancy grew 2 onions , Dan grew 9 onions , and Mike grew 4 onions . They worked for 6 days on the farm . How many onions did they grow in total ?",2 + 9 + 4 = 15 #### 15
"Joan grew 24 pumpkins , Keith grew 42 pumpkins , and Alyssa grew 13 pumpkins . They worked for 34 days on the farm . How many pumpkins did they grow in all ?",24 + 42 + 13 = 79 #### 79
Each of farmer Cunningham 's 6048 lambs is either black or white . There are 193 white ones . How many of Farmer Cunningham 's lambs are black ?,6048 - 193 = 5855 #### 5855
Paige had 27 files on her computer . She deleted 9 of them and put the rest into folders with 6 files in each one . How many folders did Paige end up with ?,( 27 - 9 ) / 6 = 3 #### 3
David has 7 boxes of stuffed toy dogs . Each box has 4 dogs in it . How many dogs are there in all ?,7 * 4 = 28 #### 28
"1 cell phone plan costs 49.95 dollars per month . The first 2500 minutes of use are free . Each minute thereafter costs 0.25 dollars . For a bill of 112.45 dollars , how many minutes over 2500 was the cell phone in use ?",( 112.45 - 49.95 ) / 0.25 = 250 #### 250
"Fred , Benny , and Jason have 24 crayons all together . If the crayons are equally divided , how many will each person get ?",24 / 3.0 = 8 #### 8
Mikey had 356 leaves . Some of her leaves blew away . Now she has 112 leaves left . How many of her leaves blew away ?,356 - 112 = 244 #### 244
Albert has two snakes . The garden snake is 10 inches long . The boa constrictor is 7 times longer than the garden snake . How long is the boa constrictor ?,10 * 7 = 70 #### 70
"If Lawrence walked 4 kilometers at 3 kilometers per hour , how long was Lawrence walking ?",4 - 3 = 1 #### 1
For Halloween Emily received 54 pieces of candy . She ate 33 pieces then placed the rest into piles with 7 in each pile . How many piles could she make ?,( 54 - 33 ) / 7 = 3 #### 3
"At the arcade , Jerry won 29 tickets playing ' whack a mole ' and 17 tickets playing ' skee ball ' . If he spent 12 of his tickets on a hat , how many tickets does Jerry have left ?",29 + 17 - 12 = 34 #### 34
How many cookies would you have if you had 37 bags of cookies with 19 cookies in each bag ?,37 * 19 = 703 #### 703
Nancy starts with 91 bottle caps . She finds another 88 . How many bottle caps does Nancy end with ?,91 + 88 = 179 #### 179
Mariela was in the hospital and she got 403 get well cards from around the country . When she got home she got 287 more cards from friends and family . How many get well cards did Mariela get ?,403 + 287 = 690 #### 690
Robin had 18 pieces of gum . Her brother gave her some more pieces . Now Robin has 44 pieces in all . How many pieces of gum did Robin 's brother give her ?,44 - 18 = 26 #### 26
A toy store had 5 giant stuffed bears in stock when they got another shipment with 7 bears in it . The put the bears onto shelves with 6 on each shelf . How many shelves did they use ?,( 5 + 7 ) / 6 = 2 #### 2
Mrs. Sheridan has 11 cats . Mrs. Garrett has 24 cats . How many more cats does Mrs. Garrett have than Mrs. Sheridan ?,24 - 11 = 13 #### 13
"A teacher had 38 worksheets to grade . If she graded 4 , but then another 15 were turned in , how many worksheets would she have to grade ?",38 + 15 - 4 = 49 #### 49
"Nancy had 101 homework problems . She finished 47 of them but still had 6 pages of problems to do . If each page has the same number of problems on it , how many problems are on each page ?",( 101 - 47 ) / 6 = 9 #### 9
Isabel bought 900 pieces of paper . She used 156 pieces of the paper . How many pieces of paper does she have left ?,900 - 156 = 744 #### 744
There are 46 rulers in the drawer . Tim took 25 rulers from the drawer . How many rulers are now in the drawer ?,46 - 25 = 21 #### 21
James has 232 balloons . Amy has 101 balloons . How many more balloons does James have than Amy ?,232 - 101 = 131 #### 131
Eugene has 51 pencils . He gets 6 more from Joyce . How many pencils does Eugene have in all ?,51 + 6 = 57 #### 57
"April 's discount flowers was having a sale where each rose was 7 dollars . If April started with 9 roses and had 4 roses left , how much money did she earn ?",7 * ( 9 - 4 ) = 35 #### 35
"The cost of 5 feet of chain is 2 dollars , what length of chain can be purchased with 7.5 dollars ?",7.5 / 2 * 5 = 18.75 #### 18.75
Chloe was playing a trivia game . In the first round she scored 40 points and in the second round she scored 50 points . In the last round she lost 4 points . How many points did she have at the end of the game ?,40 + 50 - 4 = 86 #### 86
Mike had 33 quarters and 87 nickels in his bank . His dad borrowed 75 nickels from Mike . How many nickels does he have now ?,87 - 75 = 12 #### 12
Joan has 47 green and 48 red marbles . Fred took 24 of Joan 's green marbles . How many green marbles does Joan now have ?,47 - 24 = 23 #### 23
"There school 's baseball team had 48 new players and 6 returning players . If the coach put them into groups with 6 players in each group , how many groups would there be ?",( 48 + 6 ) / 6 = 9 #### 9
"A worksheet had 4 problems on it . If a teacher had 16 worksheets to grade and had already graded 8 of them , how many more problems does she have to grade ?",4 * ( 16 - 8 ) = 32 #### 32
Our class got 54 books from the library . Then we got 23 more books from the library . How many books did our class get from the library ?,54 + 23 = 77 #### 77
A toy store had 4 giant stuffed bears in stock when they got another shipment with 10 bears in it . The put the bears onto shelves with 7 on each shelf . How many shelves did they use ?,( 4 + 10 ) / 7 = 2 #### 2
"There school 's baseball team had 4 new players and 6 returning players . If the coach put them into groups with 5 players in each group , how many groups would there be ?",( 4 + 6 ) / 5 = 2 #### 2
"Bonnie has 10 tickets . If she shares them among 2 friends , how many tickets does each friend get ?",10 / 2 = 5 #### 5
"Isabel had 72 homework problems . She finished 32 of them but still had 5 pages of problems to do . If each page has the same number of problems on it , how many problems are on each page ?",( 72 - 32 ) / 5 = 8 #### 8
Lizette has 813 stamps . Lizette has 125 more stamps than Minerva . How many stamps does Minerva have ?,813 - 125 = 688 #### 688
I have a pet golden retriever . Each year he gains 11 pounds . He is 8 years old . How many pounds does he weigh ?,11 * 8 = 88 #### 88
"Oliver made 35 dollars mowing lawns over the summer . If he spent 7 dollars buying new mower blades , how many 4 dollar games could he buy with the money he had left ?",( 35 - 7 ) / 4 = 7 #### 7
"Diane is a beekeeper . Last year , she harvested 2479 pounds of honey . This year , she bought some new hives and increased her honey harvest by 6085 pounds . How many pounds of honey did Diane harvest this year ?",2479 + 6085 = 8564 #### 8564
"Edward earned 9 dollars for each lawn he mowed . If he had 6 lawns to mow , but forgot to mow 2 of them , how much money did he actually earn ?",9 * ( 6 - 2 ) = 36 #### 36
"A dust storm sweeps across the prairie . It covers 64535 acres of the prairie in dust , but leaves 522 acres untouched . How many acres does the prairie cover ?",64535 + 522 = 65057 #### 65057
A restaurant served 4 pies during lunch and 9 during dinner today . The restaurant served 7 pies and 2 pizzas yesterday . How many pies were served in total ?,4 + 9 + 7 = 20 #### 20
"Sarah had 4 pages of math homework and 6 pages of reading homework . If each page had 4 problems on it , how many problems did she have to complete total ?",4 * ( 4 + 6 ) = 40 #### 40
"Rosa had 67 flowers . Andre gave her some more flowers . Now , Rosa has 90 flowers . How many flowers did Andre give to Rosa ?",90 - 67 = 23 #### 23
Lucy has an aquarium with 212 fish . Lucy wants to buy 68 more fish . How many fish would Lucy have then ?,212 + 68 = 280 #### 280
"Mary had 33 Pokemon cards , and 6 were torn . Sam gave Mary 23 new Pokemon cards . How many Pokemon cards does Mary have now ?",33 + 23 = 56 #### 56
A store had 120 coloring books in stock . They ended up putting them on sale and getting rid of 39 of them . The put the ones they still had onto shelves with 9 on each shelf . How many shelves did they use ?,( 120 - 39 ) / 9 = 9 #### 9
Nicole found an orange caterpillar and a green caterpillar in her backyard . The green caterpillar was 3 inches long and the orange caterpillar was 1.17 inches long . How much longer was the green caterpillar than the orange caterpillar ?,3 - 1.17 = 1.83 #### 1.83
John needs $ 2.5 . He has $ 0.75 . How much more money does he need ?,2.5 - 0.75 = 1.75 #### 1.75
Vince 's bus ride to school is 0.62 mile and Zachary 's bus ride is 0.5 mile . How much longer is Vince 's bus ride than Zachary 's ?,0.62 - 0.5 = 0.12 #### 0.12
Mrs. Franklin had 58 Valentines . Mrs. Franklin gave some to her students . Now she has 16 . How many Valentines did Mrs. Franklin give to her students ?,58 - 16 = 42 #### 42
Elisa has 37 dollars . How many more dollars does she have to earn to have 53 dollars ?,53 - 37 = 16 #### 16
George has 2 boxes of blocks . Each box holds 6 blocks and there are 5 boxes in a case . How many blocks does George have ?,2 * 6 = 12 #### 12
Roger has 92 blocks . 2 are eaten by a hippopotamus . How many blocks will Roger have ?,92 - 2 = 90 #### 90
There are 4 dozen calories in a candy bar . How many calories are there in 42 candy bars ?,4 * 12.0 * 42 = 2016 #### 2016
"I need to figure out how to get the amount from a phone bill sent to Boston on June 16 . The Rate for First Minute is 0.47 , the Rate for Additional Minutes is 0.37 , and the Total Minutes are 17 . How much is the bill ?",0.47 + 0.37 * ( 17 - 1.0 ) = 6.45 #### 6.45
"Bryan had 8 precious stones in his collection which he sold to his friend from the jewelry store . If the stones were sold at 1785 dollar each , how much money did Bryan get in total ?",8 * 1785 = 14280 #### 14280
"Tony had $ 20 . Tony paid $ 8 for a ticket to a baseball game . At the game , Tony bought a hot dog for $ 3 . What amount of money did Tony have then ?",20 - ( 8 + 3 ) = 9 #### 9
Martha starts with 3 cards . She gets 76 more from Emily . How many cards does Martha end with ?,3 + 76 = 79 #### 79
"The Montoya family spends 0.6 their budget on groceries and another 0.2 going out to eat . Altogether , what fraction of their budget does the Montoya family spend on food ?",0.6 + 0.2 = 0.8 #### 0.8
A pet store had 64 puppies . In one day they sold 28 of them and put the rest into cages with 4 in each cage . How many cages did they use ?,( 64 - 28 ) / 4 = 9 #### 9
Elizabeth is inviting 5 friends to a party . She has 5 cookies . How many cookies will each friend get ?,5 / 5 = 1 #### 1
Jorge scored 156 goals playing soccer last season . This season he scored 187 goals . What is the total number of goals Jorge scored ?,156 + 187 = 343 #### 343
"While playing at the arcade , Luke won 2 tickets playing ' whack a mole ' and 13 tickets playing ' skee ball ' . If he was trying to buy candy that cost 3 tickets a piece , how many could he buy ?",( 2 + 13 ) / 3 = 5 #### 5
"Paco 's Countertop Company purchased pieces of marble from a quarry . The weights of the pieces they purchased were 0.33 ton , 0.33 ton , and 0.08 ton . How many tons of marble did Paco 's Countertop Company purchase in all ?",0.33 + 0.33 + 0.08 = 0.75 #### 0.75
Jovana had 5 pounds of shells in her bucket . She added some shells and now has 28 pounds of shells . How many pounds did she add ?,28 - 5 = 23 #### 23
For homework Nancy had 17 math problems and 15 spelling problems . If she can finish 8 problems in an hour how long will it take her to finish all the problems ?,( 17 + 15 ) / 8 = 4 #### 4
"A textbook costs a bookstore 44 dollars , and the store sells it for 55 dollars . Find the amount of profit based on the selling price .",55 - 44 = 11 #### 11
"Maggie bought 4 packs of red bouncy balls , 8 packs of yellow bouncy balls , and 4 packs of green bouncy balls . There were 10 bouncy balls in each package . How many bouncy balls did Maggie buy in all ?",( 4 + 4 + 8 ) * 10 = 160 #### 160
"Haley and her mom were picking carrots from their garden . Haley picked 39 and her mother picked 38 . If only 64 of the carrots were good , how many bad carrots did they have ?",39 + 38 - 64 = 13 #### 13
"Ellen had 380 legos , but Ellen lost 57 of them . How many legos does Ellen have now ?",380 - 57 = 323 #### 323
"A pet shelter had 8 puppies when another 19 were brought in . If 3 puppies a day are adopted , how long would it take for all of them to be adopted ?",( 8 + 19 ) / 3 = 9 #### 9
Irene just bought a new lamp for her bedside table . The old lamp was 1 foot tall and the new lamp is 2.33 feet tall . How much taller is the new lamp than the old lamp ?,2.33 - 1 = 1.33 #### 1.33
"Nancy went to 9 football games this month . She went to 8 games last month , and plans to go to 7 games next month . She paid 3 dollars for the tickets . How many games will she attend in all ?",9 + 8 + 7 = 24 #### 24
"Mike worked 3 hours , each day , for 5 days . How many hours did he work in total ?",3 * 5 = 15 #### 15
Mary had 7 nickels in her bank . Her dad gave her 5 nickels . How many nickels does Mary have now ?,7 + 5 = 12 #### 12
If 0.5 of 8 pets are cats . How many are cats ?,0.5 * 8 = 4 #### 4
"Tom purchased a Batman game for $ 13.6 , and a Superman game for $ 5.06 . Tom already owns 2 games . How much did Tom spend on video games ?",13.6 + 5.06 = 18.66 #### 18.66
Anne weighs 67 pounds . Douglas weighs 52 pounds . How much heavier is Anne than Douglas ?,67 - 52 = 15 #### 15
"Megan baked 68 cupcakes for her school 's bake sale . If her brother , Todd , ate 32 of them how many packages could she make if she put 6 cupcake in each package ?",( 68 - 32 ) / 6 = 6 #### 6
"Jane ’ s dad brought home 24 marble potatoes . If Jane ’ s mom made potato salad for lunch and served an equal amount of potatoes to Jane , herself and her husband , how many potatoes did each of them have ?",24 / 3.0 = 8 #### 8
"The school cafeteria ordered 43 red apples and 32 green apples for students lunches . But , if only 2 students wanted fruit , how many extra did the cafeteria end up with ?",43 + 32 - 2 = 73 #### 73
Rachel strolled to Nicholas 's house . It is 10 miles from Rachel 's house to Nicholas 's house . It took Rachel 5 hours to get there . How fast did Rachel go ?,10 / 5 = 2 #### 2
Sarah has 26 bottle caps . She buys 3 more . How many bottle caps does Sarah have in all ?,26 + 3 = 29 #### 29
There are 9 bottle caps in each box . How many bottle caps are in 6 boxes ?,9 * 6 = 54 #### 54
Gary had 73 dollars . He spent 55 dollars on a pet snake . How many dollars did Gary have left ?,73 - 55 = 18 #### 18
"A waiter had 44 customers in his section . If 12 of them left and the rest of his tables had 8 people at each table , how many tables did he have ?",( 44 - 12 ) / 8 = 4 #### 4
A cake recipe requires 0.6 cup of sugar for the frosting and 0.2 cup of sugar for the cake . How much sugar is that altogether ?,0.6 + 0.2 = 0.8 #### 0.8
"Haley was playing a video game and had 14 lives . In a hard part of the game she lost 4 lives . If she got 36 more lives in the next level , how many lives would she have ?",14 + 36 - 4 = 46 #### 46
Anna starts with 5 candies . She gets 86 more from Larry . How many candies does Anna end with ?,5 + 86 = 91 #### 91
Jessica has 3 dozen red marbles . Sandy has 4 times more red marbles than Jessica . How many red marbles does Sandy have ?,3 * 12.0 * 4 = 144 #### 144
"The library is divided into different sections for different type of books . The science fiction section has 8 books . If each book has 478 pages , how many pages do all the books have in total ?",8 * 478 = 3824 #### 3824
Debby bought two coloring books . One had 16 pictures and the other had 40 . After one week she had already colored 33 of the pictures . How many pictures does she still have to color ?,16 + 40 - 33 = 23 #### 23
In fourth grade there were 35 students at the start of the year . During the year 10 students left and 10 new students came to school . How many students were in fourth grade at the end ?,35 + 10 - 10 = 35 #### 35
"Tom had 57 dollars . If he spent 49 bucks on a new game , how many 4 dollar toys could he buy with the money he had left ?",( 57 - 49 ) / 4 = 2 #### 2
Jessica is baking a cake . The recipe calls for 8 cups of flour and 2 cups of sugar . She already put in 4 cups of flour . How many cups of flour does she need to add ?,8 - 4 = 4 #### 4
"A painter needed to paint 12 rooms in a building . Each room takes 7 hours to paint . If he already painted 5 rooms , how much longer will he take to paint the rest ?",7 * ( 12 - 5 ) = 49 #### 49
"There school 's baseball team had 31 new players and 4 returning players . If the coach put them into groups with 7 players in each group , how many groups would there be ?",( 31 + 4 ) / 7 = 5 #### 5
Darius drove 679 miles to visit his grandmother . Julia drove 998 miles to visit her grandmother . What is the total number of miles Darius and Julia drove ?,679 + 998 = 1677 #### 1677
"Tom was putting his spare change into piles . He had 2 piles of quarters and 4 piles of dimes . If each pile had 5 coins in it , how many coins did he have total ?",5 * ( 2 + 4 ) = 30 #### 30
It took Amanda 2 hours to stroll to Kimberly 's house at 4 miles per hour . How far is it between Amanda 's house and Kimberly 's house ?,2 * 4 = 8 #### 8
Mrs. Hilt read 4 books . Each book had 17 chapters in it . How many chapters did Mrs. Hilt read ?,4 * 17 = 68 #### 68
A store had 34 oranges in a bin . If they threw away 20 of the old ones and put 13 new ones in the bin how many would be in the bin ?,34 + 13 - 20 = 27 #### 27
"You want to give your baseball cards to your 5 best friends . You have 455 baseball cards . How many would each get , if you share them equally ?",455 / 5 = 91 #### 91
"Victor was helping the cafeteria workers pick up lunch trays , but he could only carry 7 trays at a time . If he had to pick up 23 trays from one table and 5 trays from another , how many trips will he make ?",( 23 + 5 ) / 7 = 4 #### 4
"One stamp costs 34 cents . If the cost of each stamp remains the same , how much would 4 stamps cost ?",34 * 4 = 134 #### 134
"Dalton wants to buy a jump rope that costs $ 7 , a board game that costs $ 12 , and a playground ball that costs $ 4 . He has saved $ 6 from his allowance , and his uncle gave him $ 13 . How much more money does Dalton need to buy the jump rope , the game , and the ball ?",7 + 12 + 4 - ( 6 + 13 ) = 4 #### 4
Sarah picked 45 apples . Her brother picked 9 apples . How many times as many apples did Sarah pick ?,45 / 9 = 5 #### 5
Joshua has 40 bottle caps . He buys 7 more . How many bottle caps does Joshua have in all ?,40 + 7 = 47 #### 47
"A magician was selling magic card decks for 9 dollars each . If he started with 12 decks and by the end of the day he had 7 left , how much money did he earn ?",9 * ( 12 - 7 ) = 45 #### 45
Cindy ’ s mom baked 41 cookies . Paul ’ s dad baked 38 cookies . They both brought them to school for a party . How many cookies did they have altogether ?,41 + 38 = 79 #### 79
"Fred has 709 green balloons , he gave Sandy 221 of the balloons . How many green balloons does he now have ?",709 - 221 = 488 #### 488
Mary picked 122 oranges and Jason picked 105 oranges from the orange tree . How many oranges were picked in total ?,122 + 105 = 227 #### 227
Emily collects 63 cards . Emily 's father gives Emily 7 more . Bruce has 13 apples . How many cards does Emily have ?,63 + 7 = 70 #### 70
"Nancy goes fishing with Joan . They catch 18 trout . If they equally split up the trout , how many will each one get ?",18 / 2.0 = 9 #### 9
There are 9 crayons in the drawer . Benny placed 3 more crayons in the drawer . How many crayons are now there in total ?,9 + 3 = 12 #### 12
"Fred earns $ 12.5 an hour cleaning houses . If he works for 8 hours , how much money will he make ?",12.5 * 8 = 100 #### 100
Neale makes 5.6 dollars per hour . He worked 22.5 hours and recieved 42.25 dollars in tips what is his salary ?,5.6 * 22.5 + 42.25 = 168.25 #### 168.25
Henry had 11 dollars . For his birthday he got 18 more dollars but spent 10 on a new game . How much money does he have now ?,11 + 18 - 10 = 19 #### 19
Sandy has 8 dozen books . Fred has 5 times more books than Sandy . How many books does Fred have ?,8 * 12.0 * 5 = 480 #### 480
"At the fair Adam bought 13 tickets . After riding the ferris wheel he had 4 tickets left . If each ticket cost 9 dollars , how much money did Adam spend riding the ferris wheel ?",9 * ( 13 - 4 ) = 81 #### 81
"For the school bake sale Katie made 26 cupcakes . If she sold 20 of them and then made 20 more , how many cupcakes would she have ?",26 + 20 - 20 = 26 #### 26
An ice skating rink charges 5 dollars for admission and 2.5 dollars to rent skates . Jill can purchase a new pair of skates for 65 dollars . How many times would she need to go the rink to justify buying the skates rather than renting a pair ?,65 / 2.5 = 26 #### 26
There are 115 pencils in the drawer . Sara placed 100 pencils in the drawer . How many pencils are now there in all ?,115 + 100 = 215 #### 215
"At the fair there were 7 people in line for the bumper cars . If 4 of them got tired of waiting and left and 8 more got in line , how many people would be in line ?",7 + 8 - 4 = 11 #### 11
"While shopping , Maria bought 35 green towels and 21 white towels . If she gave her mother 34 of them , how many towels did Maria end up with ?",35 + 21 - 34 = 22 #### 22
Larry starts with 93 stickers . He loses 6 . How many stickers does Larry end with ?,93 - 6 = 87 #### 87
Mary ’ s car gets 20 miles per gallon of gas . How far can she drive on 14 gallons of gas ?,20 * 14 = 280 #### 280
John walks 0.7 miles to school and Nina walks 0.4 miles to school . How much farther does John walk than Nina ?,0.7 - 0.4 = 0.3 #### 0.3
Elizabeth went to the salon and had 0.38 inch of hair cut off . The next day she went back and asked for another 0.5 inch to be cut off . How much hair did she have cut off in all ?,0.38 + 0.5 = 0.88 #### 0.88
"Sara grew 43 pumpkins , but the rabbits ate 23 pumpkins . How many pumpkins does Sara have ?",43 - 23 = 20 #### 20
"Megan baked 71 cupcakes for her school 's bake sale . If her brother , Todd , ate 43 of them how many packages could she make if she put 7 cupcake in each package ?",( 71 - 43 ) / 7 = 4 #### 4
Melissa has 88 bananas . She shares 4 with Joshua . How many bananas will Melissa have ?,88 - 4 = 84 #### 84
"Tammy drove 55 miles in one hour . At that rate , how far can she drive in 36 hours ?",55 * 36 = 1980 #### 1980
"Sandy worked 45 hours in the last 5 days . Assuming that she worked the same amount of hours each day , how long did she work each day ?",45 / 5 = 9 #### 9
Victor and his friend were buying trick decks from the magic shop for 8 dollars each . How much did they spend if Victor bought 6 decks and his friend bought 2 decks ?,8 * ( 6 + 2 ) = 64 #### 64
"You deposit 70 dollars in a savings account that pays an annual interest rate of 3 % . How much simple interest would you earn in 2.5 years , in dollars ?",70 * 3 * 2.5 * 0.01 = 5.25 #### 5.25
"Shannon and her family use up a lot of strawberry and blueberry jelly , since they eat toast every morning . At the moment , they have a combined total of 6310 grams of jelly . If they have 4518 grams of blueberry jelly , how many grams of strawberry jelly do they have ?",6310 - 4518 = 1792 #### 1792
Martin strolled to Lawrence 's house . It is 12 miles from Martin 's house to Lawrence 's house . It took Martin 6 hours to get there . How fast did Martin go ?,12 / 6 = 2 #### 2
"A florist had 37 roses . If she sold 16 of them and then later picked 19 more , how many roses would she have ?",37 + 19 - 16 = 40 #### 40
Jacqueline has 4 boxes of erasers . Each box holds 10 erasers and there are 9 boxes in a case . How many erasers does Jacqueline have ?,4 * 10 = 40 #### 40
"Bridget has 4 Skittles . Henry has 4 Skittles . If Henry gives all of his Skittles to Bridget , how many Skittles will Bridget have ?",4 + 4 = 8 #### 8
"Amy had 26 music files and 36 video files on her flash drive . If she deleted 48 of the files , how many files were still on her flash drive ?",26 + 36 - 48 = 14 #### 14
"While on vacation , Debby took 24 pictures at the zoo and 12 at the museum . If she later deleted 14 of the pictures , how many pictures from her vacation did she still have ?",24 + 12 - 14 = 22 #### 22
"64 children were riding on the bus . At the bus stop , some more children got on the bus . Then there were 78 children altogether on the bus . How many children got on the bus at the bus stop ?",78 - 64 = 14 #### 14
Oliver had 35 dollars . For his birthday he got 50 more dollars but spent 84 on a new game . How much money does he have now ?,35 + 50 - 84 = 1 #### 1
Rupert and Ronald aced their math test . So their mother bought for them a wonderful trampoline yesterday . Ronald jumped 157 times on the trampoline . Rupert jumped 86 more times than Ronald . How many times did they jump altogether ?,157 + 86 = 243 #### 243
Nancy had 80 files on her computer . She deleted 31 of them and put the rest into folders with 7 files in each one . How many folders did Nancy end up with ?,( 80 - 31 ) / 7 = 7 #### 7
"For the final act , the circus brought out dancing animals wearing crowns . If each crown is made with 7 different colored feathers , how many feathers are needed for 934 crowns ?",7 * 934 = 6538 #### 6538
"Grace has 16 jellybeans in her pocket . She has 8 red ones , 4 green ones , and 4 blue ones . What is the minimum number of jellybeans she must take out of her pocket to ensure that she has one of each color ?",8 + 4 + 1.0 = 13 #### 13
Isabel uploaded 25 pictures to Facebook . She put 10 pics into one album and put the rest into 5 different albums . How many pictures were in each album ?,( 25 - 10 ) / 5 = 3 #### 3
Johnny practiced for the track team and ran 3 laps per minute . How many minutes did it take Johnny to run 10 laps ?,10 / 3 = 3.33 #### 3.33
"Roger had 45 dollars in January . By March he had spent 20 dollars . If he got another 46 dollars from his mom , how much money would he have ?",45 + 46 - 20 = 71 #### 71
Dan has 32 green and 38 violet marbles . Mike took 23 of Dan 's green marbles . How many green marbles does Dan now have ?,32 - 23 = 9 #### 9
"Sally had 39 baseball cards , and 9 were torn . Sara bought 24 of Sally 's baseball cards . How many baseball cards does Sally have now ?",39 - 24 = 15 #### 15
"Betty also bought 140 shiny blue round stones . If 14 pieces of this stone is in each bracelet , how many bracelets of blue shiny round stones will there be ?",140 / 14 = 10 #### 10
Christopher strolled 5 miles at 4 miles per hour . How long did Christopher stroll ?,5 / 4 = 1.25 #### 1.25
Frank worked 8 hours on the first 4 days of the week . How many hours did he work in all ?,8 * 4 = 32 #### 32
"Gloria has 2 pencils . Lisa has 99 pencils . If Lisa gives all of her pencils to Gloria , how many pencils will Gloria have ?",2 + 99 = 101 #### 101
"If books came from all the 4 continents that Bryan had been into and he collected 122 books per continent , how many books does he have from all 4 continents combined ?",4 * 122 = 488 #### 488
Connie had some marbles . She gave 73 to Juan . Now she has 70 marbles left . How many did she have to start with ?,73 + 70 = 143 #### 143
"Emily 's team won their dodgeball game and scored 39 points total . If Emily scored 23 of the points and everyone else scored 2 points each , how many players were on her team ?",( 39 - 23 ) / 2 = 8 #### 8
"Will invited 9 friends to a birthday party , but 4 could n't come . If he wanted to buy enough cupcakes so each person could have exactly 8 , how many should he buy ?",8 * ( 9 - 4 ) = 40 #### 40
"A waitress put leftover tarts into the fridge on Thursday night . She noticed that the restaurant had 0.08 tart filled with cherries , 0.75 tart filled with blueberries , and 0.08 tart filled with peaches . How many leftover tarts did the restaurant have in all ?",0.08 + 0.08 + 0.75 = 0.92 #### 0.92
"Sarah had 55 homework problems . She finished 6 of them but still had 7 pages of problems to do . If each page has the same number of problems on it , how many problems are on each page ?",( 55 - 6 ) / 7 = 7 #### 7
"Jerry made 14 dollars mowing lawns and 31 dollars weed eating . If he only spent 5 dollar a week , how long would the money last him ?",( 14 + 31 ) / 5 = 9 #### 9
A cereal box holds 18 cups of cereal . Each serving is 2 cups . How many servings are in the whole box ?,18 / 2 = 9 #### 9
A restaurant made 9 hamburgers and 4 hot dogs to serve during lunch . Only 3 hamburgers were actually served . How many hamburgers were over ?,9 - 3 = 6 #### 6
"There were 10 friends playing a video game online when 7 players quit . If each player left had 8 lives , how many lives did they have total ?",8 * ( 10 - 7 ) = 24 #### 24
There are 9 oak trees currently in the park . Park workers had to cut down 2 oak trees that were damaged . How many oak trees will the park have when the workers are finished ?,9 - 2 = 7 #### 7
"There were 2 friends playing a video game online when 2 more players joined the game . If each player had 3 lives , how many lives did they have total ?",3 * ( 2 + 2 ) = 12 #### 12
Teresa starts with 52 bananas . She gets 2 more from Rachel . How many bananas does Teresa end with ?,52 + 2 = 54 #### 54
There are 24 bicycles and 14 tricycles in the storage area at Danny 's apartment building . Each bicycle has 2 wheels and each tricycle has 3 wheels . How many wheels are there in all ?,24 * 2 + 14 * 3 = 90 #### 90
"In a class of 25 students , 8 received a grade of A . What percent of the students received A 's ?",8 / 25 * 100.0 = 32 #### 32
"A pet shelter had 5 puppies when another 35 were brought in . If 8 puppies a day are adopted , how long would it take for all of them to be adopted ?",( 5 + 35 ) / 8 = 5 #### 5
Zach scored 42 points in the football game . Ben scored 21 points . How many more points did Zach score ?,42 - 21 = 21 #### 21
Mary found 18 seashells and Jessica found 41 seashells on the beach . How many seashells did they find together ?,18 + 41 = 59 #### 59
Each banana costs $ 5 . How much do 4 bananas cost ?,5 * 4 = 20 #### 20
Mrs. Hilt uses 2 ounces of detergent to wash a pound of clothes . How many ounces of soap will she use to wash 9 pounds of clothes ?,2 * 9 = 18 #### 18
Eric wants to split a collection of peanuts into groups of 8 . Eric has 64 peanuts . How many groups will be created ?,64 / 8 = 8 #### 8
"A painter needed to paint 12 rooms in a building . Each room takes 3 hours to paint . If he already painted 4 rooms , how much longer will he take to paint the rest ?",3 * ( 12 - 4 ) = 24 #### 24
Alyssa 's dog had puppies . She gave 7 to her friends . She now has 5 puppies . How many puppies did she have to start with ?,7 + 5 = 12 #### 12
Each bottle cap costs $ 2 . How much do 6 bottle caps cost ?,2 * 6 = 12 #### 12
"Janet picked 4 tulips and 11 roses to make flower bouquets . If she only used 11 of the flowers though , how many extra flowers did Janet pick ?",4 + 11 - 11 = 4 #### 4
"Bianca earned 5 points for each bag of cans she recycled . If she had 17 bags , but did n't recycle 8 of them , how many points would she have earned ?",5 * ( 17 - 8 ) = 45 #### 45
"Last year at Newberg 's airport , 14507 passengers landed on time . Unfortunately , 213 passengers landed late . In all , how many passengers landed in Newberg last year ?",14507 + 213 = 14720 #### 14720
There are 397 butterflies . Each butterfly has 12 black dots and 17 yellow dots . How many black dots are there in all ?,397 * 12 = 4764 #### 4764
Mrs. Hilt bought a notebook for $ 1.3 . She paid with nickels . How many nickels did she use to buy the notebook ?,1.3 / 5.0 = 26 #### 26
"John had 6 action figures , but needed 11 total for a complete collection . If each one costs $ 6 , how much money would he need to finish his collection ?",6 * ( 11 - 6 ) = 30 #### 30
"In a video game , each enemy defeated gives you 5 points . If a level has 8 enemies total and you destroy all but 6 of them , how many points would you earn ?",5 * ( 8 - 6 ) = 10 #### 10
For the school bake sale Katie made pastries . She baked 7 cupcakes and 5 cookies . After the sale she had 8 to take back home . How many pastries did she sell ?,7 + 5 - 8 = 4 #### 4
"Joyce has 8 eggs . Marie gives Joyce 6 more . Later , Joyce buys 13 erasers at the store . How many eggs does Joyce have in all ?",8 + 6 = 14 #### 14
"Isabella ’ s hair is 18 cubes long . If her hair grows 4 more inches , how long will it be ?",18 + 4 = 22 #### 22
"Mike made 14 dollars mowing lawns and 26 dollars weed eating . If he only spent 5 dollar a week , how long would the money last him ?",( 14 + 26 ) / 5 = 8 #### 8
Dan picked 9 limes and gave Sara 4 of the limes . How many limes does Dan have now ?,9 - 4 = 5 #### 5
There are 5 scissors and 3 pencils in the drawer . Jason placed 4 scissors in the drawer . How many scissors are now there in total ?,5 + 4 = 9 #### 9
Mrs. Santiago has 58 red roses . Mrs. Garrett has 24 . How many more red roses does Mrs. Santiago have than Mrs. Garrett ?,58 - 24 = 34 #### 34
"Kenneth has 3 marbles . He buys 6 more . Later , Kenneth buys 15 apples at the store . How many marbles does Kenneth have in all ?",3 + 6 = 9 #### 9
"Kaleb had 12 dollars . If he spent 8 bucks on a new game , how many 2 dollar toys could he buy with the money he had left ?",( 12 - 8 ) / 2 = 2 #### 2
"Edward started his own lawn mowing business . In the spring he made 2 dollars mowing lawns and in the summer he made 27 dollars . If he had to spend 5 dollars buying supplies , how much money did he end up with ?",2 + 27 - 5 = 24 #### 24
"Tim got 3 nickels and 13 dimes for shining shoes , and in his tip jar found 7 dimes and 9 half - dollars . How much money did Tim get ?",3 * 0.05 + 13 * 0.1 + 7 * 0.1 + 9 * 0.5 = 6.65 #### 6.65
Kelly has 50 Nintendo games . How many does she need to give away so that she will have 35 games left ?,50 - 35 = 15 #### 15
"There were originally 20817 houses in Lincoln County . During a housing boom , developers built 97741 more . How many houses are there now in Lincoln County ?",20817 + 97741 = 118558 #### 118558
"Annie has 6 apples . She gets 6 more from Nathan . Later , Annie buys 10 crayons at the store . How many apples does Annie have in all ?",6 + 6 = 12 #### 12
Priya needs 54 cupcakes for a birthday party . She already has 15 chocolate cupcakes and 25 vanilla cupcakes . How many more cupcakes should Priya buy ?,54 - ( 15 + 25 ) = 14 #### 14
"Sara grew 4 onions , Sally grew 5 onions , and Fred grew 9 onions . How many onions did they grow in all ?",4 + 5 + 9 = 18 #### 18
Tim had 7 quarters and 9 nickels in his bank . His dad gave him 3 nickels and 5 pennies . How many nickels does Tim have now ?,9 + 3 = 12 #### 12
Mary is baking a cake . The recipe calls for 7 cups of flour and 3 cups of sugar . She already put in 2 cups of flour . How many cups of flour does she need to add ?,7 - 2 = 5 #### 5
Hannah 's Vegetarian Restaurant bought 0.33 pound of green peppers and 0.33 pound of red peppers . How many pounds of peppers did Hannah 's Vegetarian Restaurant buy in all ?,0.33 + 0.33 = 0.67 #### 0.67
"Bonnie 's science class recorded the rainfall each day . They recorded 0.17 centimeter of rain on Monday , 0.42 centimeter of rain on Tuesday , and 0.08 centimeter of rain on Wednesday . How many centimeters of rain did the class record in all ?",0.17 + 0.42 + 0.08 = 0.67 #### 0.67
"There were 6 girls and 48 boys trying out for the schools basketball team . If only 7 of them got called back , how many students did n't make the cut ?",6 + 48 - 7 = 47 #### 47
Jason found 49 seashells and 48 starfish on the beach . He gave 13 of the seashells to Tim . How many seashells does Jason now have ?,49 - 13 = 36 #### 36
"The first act included 5 clown mobiles , each stuffed with 28 clowns . How many clowns are inside all the clown mobiles combined ?",5 * 28 = 140 #### 140
"Our watermelons have 100 seeds each . If we have 4 watermelons , how many seeds should there be when all seeds are taken out of the watermelons ?",100 * 4 = 400 #### 400
"A waiter had 5 tables he was waiting on , with 5 women and 3 men at each table . How many customers total did the waiter have ?",5 * ( 5 + 3 ) = 40 #### 40
0.5 the students in the band are in the trumpet section . 0.12 the students in the band are in the trombone section . What fraction of the students in the band are in either the trumpet section or the trombone section ?,0.5 + 0.12 = 0.62 #### 0.62
"Brian ’ s car gets 20 miles per gallon . On his last trip , he used 3 gallons of gas . How many miles did he travel on his last trip ?",20 * 3 = 60 #### 60
You go out for a long walk . You walk 0.75 mile and then sit down to take a rest . Then you walk 0.25 of a mile . How far did you walk altogether ?,0.75 + 0.25 = 1 #### 1
Alec and his roommates ate 3.25 pints of ice cream on Friday night and 0.25 pint of ice cream on Saturday night . How many pints did they eat in all ?,3.25 + 0.25 = 3.5 #### 3.5
"A pet store has 8 bird cages . If each cage has 2 parrots and 7 parakeets in it , how many birds does the pet store have total ?",8 * ( 2 + 7 ) = 72 #### 72
"George had 28 socks . If he threw away 4 old ones that did n't fit and bought 36 new ones , how many socks would he have ?",28 + 36 - 4 = 60 #### 60
"Maria had 14 bottles of water in her fridge . If she drank 8 of them and then bought 45 more , how many bottles would she have ?",14 + 45 - 8 = 51 #### 51
Lana was unboxing some of her old winter clothes . She found 4 boxes of clothing and inside each box there were 2 scarves and 6 mittens . How many pieces of winter clothing did Lana have total ?,4 * ( 2 + 6 ) = 32 #### 32
Sean has 223 whistles . Sean has 95 more whistles than Charles . How many whistles does Charles have ?,223 - 95 = 128 #### 128
"There were 4 friends playing a video game online when 5 more players joined the game . If each player had 3 lives , how many lives did they have total ?",3 * ( 4 + 5 ) = 27 #### 27
Joan has 10 books . Tom has 38 books . How many books do they have together ?,10 + 38 = 48 #### 48
"Tom bought a skateboard for $ 9.46 , and spent $ 9.56 on marbles . Tom also spent $ 14.5 on shorts . In total , how much did Tom spend on toys ?",9.46 + 9.56 = 19.02 #### 19.02
Jennifer starts with 7 apples . She finds another 74 . How many apples does Jennifer end with ?,7 + 74 = 81 #### 81
Luke was selling his old games . He started out with 39 but sold 19 of them . He packed the rest up putting 4 games into each box . How many boxes did he have to use ?,( 39 - 19 ) / 4 = 5 #### 5
"For the school bake sale Robin made 42 cupcakes . If she sold 22 of them and then made 39 more , how many cupcakes would she have ?",42 + 39 - 22 = 59 #### 59
Nell collects baseball cards . She had 304 cards . She gave some of her cards to Jeff and now has 276 cards left . How many cards did Nell give to Jeff ?,304 - 276 = 28 #### 28
Dina made cookies . She used 0.62 cup of flour and 0.25 cup of sugar . How much more flour than sugar did Dina use ?,0.62 - 0.25 = 0.38 #### 0.38
Emily was playing a trivia game . In the first round she scored 16 points and in the second round she scored 33 points . In the last round she lost 48 points . How many points did she have at the end of the game ?,16 + 33 - 48 = 1 #### 1
John can read 4 books a day . John reads every Monday and Tuesday . How many books would John read in 6 weeks ?,( 4 + 4 ) * 6 = 48 #### 48
The schools debate team had 26 boys and 46 girls on it . If they were split into groups of 9 how many groups could they make ?,( 26 + 46 ) / 9 = 8 #### 8
William has 2 bottle caps . He buys 41 more . How many bottle caps does William have in all ?,2 + 41 = 43 #### 43
"The number of inquiries the first week was 15 . The number of inquiries in the fourth week was 79 . Find the average rate of change in number of inquiries from the first week to the fourth week , in inquiries per week .",( 79 - 15 ) / ( 4.0 - 1.0 ) = 21.33 #### 21.33
Connie has 2315 red markers and 1028 blue markers . How many markers does Connie have altogether ?,2315 + 1028 = 3343 #### 3343
Mrs. Hilt bought an ice cream cone for 99 cents . How much would 2 ice cream cones cost ?,99 * 2 = 198 #### 198
"While shopping , Maria bought 40 green towels and 44 white towels . If she gave her mother 65 of them , how many towels did Maria end up with ?",40 + 44 - 65 = 19 #### 19
There are 25 popular trees currently in the park . Park workers will plant 73 more popular trees today . How many popular trees will the park have when the workers are finished ?,25 + 73 = 98 #### 98
Alyssa picked 25 limes and Mike picked 32 limes . Tom picked 12 plums . How many limes were picked in all ?,25 + 32 = 57 #### 57
"Oliver had 33 dollars in January . By March he had spent 4 dollars . If he got another 32 dollars from his mom , how much money would he have ?",33 + 32 - 4 = 61 #### 61
"The Richmond Tigers sold a total of 9570 tickets last season . If they sold 3867 tickets in the first half of the season , how many tickets did they sell in the second half ?",9570 - 3867 = 5703 #### 5703
"At the fair there were 12 people in line for the bumper cars . If 10 of them got tired of waiting and left and 15 more got in line , how many people would be in line ?",12 + 15 - 10 = 17 #### 17
Ezra drew a white line that was 7.67 inches long . Then he drew a blue line that was 3.33 inches long . How much longer was the white line than the blue line ?,7.67 - 3.33 = 4.33 #### 4.33
There are 5 oak trees currently in the park . Park workers will plant 4 more oak trees today . How many oak trees will the park have when the workers are finished ?,5 + 4 = 9 #### 9
"Oliver had to wash 39 short sleeve shirts and 47 long sleeve shirts before school . If he had only washed 20 of them by the time school started , how many did he not wash ?",39 + 47 - 20 = 66 #### 66
Jessica weighs 49 pounds . Thomas weighs 44 pounds . How much heavier is Jessica than Thomas ?,49 - 44 = 5 #### 5
"For Halloween Katie and her sister combined the candy they received . Katie had 10 pieces of candy while her sister had 6 . If they ate 9 pieces the first night , how many pieces do they have left ?",10 + 6 - 9 = 7 #### 7
In fourth grade there were 10 students at the start of the year . During the year 4 students left and 42 new students came to school . How many students were in fourth grade at the end ?,10 + 42 - 4 = 48 #### 48
"Each chocolate bar in a box cost $ 3 . If a box had 7 bars total and Olivia sold all but 4 bars , how much money would she have made ?",3 * ( 7 - 4 ) = 9 #### 9
Wendy had 82 files on her computer . She deleted 37 of them and put the rest into folders with 5 files in each one . How many folders did Wendy end up with ?,( 82 - 37 ) / 5 = 9 #### 9
Beth has 4 packs of crayons . Each pack has 10 crayons in it . She also has 6 extra crayons . How many crayons does Beth have altogether ?,4 * 10 = 40 #### 40
"A chef needs to cook 15 potatoes . He has already cooked 8 . If each potato takes 9 minutes to cook , how long will it take him to cook the rest ?",9 * ( 15 - 8 ) = 63 #### 63
"A ship full of grain crashes into a coral reef . By the time the ship is fixed , 49952 tons of grain have spilled into the water . Only 918 tons of grain remain onboard . How many tons of grain did the ship originally contain ?",49952 + 918 = 50870 #### 50870
Janet has 57 apples . She finds another 95 . How many apples does Janet have in all ?,57 + 95 = 152 #### 152
David had 4000 dollars invested for 0.25 of a year at a simple rate of 6.1 % . How much interest did he earn ?,4000 * 0.25 * 6.1 * 0.01 = 61 #### 61
A store had 48 coloring books in stock . They ended up putting them on sale and getting rid of 38 of them . The put the ones they still had onto shelves with 5 on each shelf . How many shelves did they use ?,( 48 - 38 ) / 5 = 2 #### 2
James had 39 stickers . He got some more stickers for his birthday . Then he had 61 stickers . How many stickers did James get for his birthday ?,61 - 39 = 22 #### 22
There are 11 rulers and 34 crayons in the drawer . Tim placed 14 rulers in the drawer . How many rulers are now there in all ?,11 + 14 = 25 #### 25
"A teacher had 6 worksheets to grade . If she graded 4 , but then another 18 were turned in , how many worksheets would she have to grade ?",6 + 18 - 4 = 20 #### 20
Craig walked 0.2 mile from school to David 's house and 0.7 mile from David 's house to his own house . How many miles did Craig walk in all ?,0.2 + 0.7 = 0.9 #### 0.9
Tom has 9 yellow balloons Sara has 8 yellow balloons . How many yellow balloons do they have in total ?,9 + 8 = 17 #### 17
Adam has 13 blocks . Ann has with 9 blocks . Ann finds another 44 . How many blocks does Ann end with ?,9 + 44 = 53 #### 53
"At the fair Adam bought 10 tickets . After riding the ferris wheel he had 3 tickets left . If each ticket cost 9 dollars , how much money did Adam spend riding the ferris wheel ?",9 * ( 10 - 3 ) = 63 #### 63
Mark sprinted 24 miles at 6 miles per hour . How long did Mark sprint ?,24 / 6 = 4 #### 4
A store had 27 coloring books in stock . They ended up putting them on sale and getting rid of 6 of them . The put the ones they still had onto shelves with 7 on each shelf . How many shelves did they use ?,( 27 - 6 ) / 7 = 3 #### 3
Tyler had 15 dogs . Each dog had 5 puppies . How many puppies does Tyler now have ?,15 * 5 = 75 #### 75
Darnel sprinted 0.88 lap and then took a break by jogging 0.75 lap . How much farther did Darnel sprint than jog ?,0.88 - 0.75 = 0.12 #### 0.12
"If 120 lollipops cost 90 dollars , how much does 1 lollipop cost , in dollars ?",90 / 120 = 0.75 #### 0.75
Edward was working as a sacker at a grocery store where he made 6 dollars an hour . On Monday he worked 3 hours and on Tuesday he worked 5 hours . How much money did Edward make in those two days ?,6 * ( 3 + 5 ) = 48 #### 48
If Anne wandered for 3 hours at 2 miles per hour . How far did Anne go ?,3 * 2 = 6 #### 6
Mrs. Hilt bought 3 pizzas for $ 8 each . What was the total amount she paid for the three pizzas ?,3 * 8 = 24 #### 24
A tailor cut 0.75 inch off a skirt and 0.5 inch off a pair of pants . How much more did the tailor cut off the skirt than the pants ?,0.75 - 0.5 = 0.25 #### 0.25
Frank and his friend were buying trick decks from the magic shop for 7 dollars each . How much did they spend if Frank bought 3 decks and his friend bought 2 decks ?,7 * ( 3 + 2 ) = 35 #### 35
"Isabel baked 39 cupcakes for her school 's bake sale . If her brother , Todd , ate 21 of them how many packages could she make if she put 3 cupcake in each package ?",( 39 - 21 ) / 3 = 6 #### 6
Tom and his friend were buying trick decks from the magic shop for 8 dollars each . How much did they spend if Tom bought 3 decks and his friend bought 5 decks ?,8 * ( 3 + 5 ) = 64 #### 64
"Michelle began her pizza delivery route with 0.5 tank of gas in her car . When she made it back to the pizzeria , 0.17 tank of gas was . How much gas did Michelle use ?",0.5 - 0.17 = 0.33 #### 0.33
"There are 72 cards in Jean 's card collection . If the cards are organized into 9 groups , how big is each group ?",72 / 9 = 8 #### 8
In Yardley it snowed 0.12 inch in the morning and 0.5 inch in the afternoon . What was the total amount of snowfall ?,0.12 + 0.5 = 0.62 #### 0.62
A worker at a medical lab is studying blood samples . 2 samples contained a total of 7341 blood cells . The first sample contained 4221 blood cells . How many blood cells were in the second sample ?,7341 - 4221 = 3120 #### 3120
Wendy uploaded 45 pictures to Facebook . She put 27 pics into one album and put the rest into 9 different albums . How many pictures were in each album ?,( 45 - 27 ) / 9 = 2 #### 2
14 birds were sitting in a tree . 21 more birds flew up to the tree . How many birds were there altogether in the tree ?,14 + 21 = 35 #### 35
Sam has 110 books . Joan has 102 books . How many books do they have together ?,110 + 102 = 212 #### 212
Kimberly went to the store 3 times last month . She buys 7 peanuts each time she goes to the store . How many peanuts did Kimberly buy last month ?,3 * 7 = 21 #### 21
George had 30 dollars . For his birthday he got 16 more dollars but spent 38 on a new game . How much money does he have now ?,30 + 16 - 38 = 8 #### 8
Ronald went to the store 2 times last month . He buys 10 bananas each time he goes to the store . How many bananas did Ronald buy last month ?,2 * 10 = 20 #### 20
Marie can bike at a speed of 12 miles an hour . How far can she bike in 31 hours ?,12 * 31 = 372 #### 372
"Megan had 40 homework problems . She finished 26 of them but still had 2 pages of problems to do . If each page has the same number of problems on it , how many problems are on each page ?",( 40 - 26 ) / 2 = 7 #### 7
Lucy has 212 fish . How many more fish does she need to buy to have 280 fish ?,280 - 212 = 68 #### 68
Lewis then went to see the oranges being harvested . Lewis found out that they harvest 83 sacks per day . How many sacks of oranges will they have after 6 days of harvest ?,83 * 6 = 498 #### 498
"Nancy was organizing her book case making sure each of the shelves had exactly 6 books on it . If she had 2 shelves of mystery books and 6 shelves of picture books , how many books did she have total ?",6 * ( 6 + 2 ) = 48 #### 48
Jason has 676 Pokemon cards . Alyssa bought 224 of Jason 's Pokemon cards . How many Pokemon cards does Jason have now ?,676 - 224 = 452 #### 452
Melanie picked 7 plums and 4 oranges from the orchard . She gave 3 plums to Sam . How many plums does she have now ?,7 - 3 = 4 #### 4
Debra removes 22 apples from a jar . There were originally 57 apples in the jar . How many apples are left in the jar ?,57 - 22 = 35 #### 35
There are 77 apples in a box . Louise has 9 apples in a bag . Scott takes 75 apples out of the box . How many apples are left in the box ?,77 - 75 = 2 #### 2
"The number of gears a machine can make varies directly by how long it operates . If it can make 2088 gears in 8 hours , How many gears can it make in 9 hours ?",2088 * 9 / 8 = 2349 #### 2349
"If Joan bicycled 25 miles at 5 miles per hour , how long was Joan travelling ?",25 / 5 = 5 #### 5
"Jason joined his school 's band . He bought a flute for $ 142.46 , a music tool for $ 8.89 , and a song book for $ 7 . How much did Jason spend at the music store ?",142.46 + 8.89 + 7 = 158.35 #### 158.35
There are 3 eggs in each box . How many eggs are in 2 boxes ?,3 * 2 = 6 #### 6
"Isabel uploaded 2 pictures from her phone and 4 from her camera to facebook . If she sorted the pics into 3 different albums with the same amount of pics in each album , how many pictures were in each of the albums ?",( 2 + 4 ) / 3 = 2 #### 2
Dave was working as a sacker at a grocery store where he made 6 dollars an hour . On Monday he worked 6 hours and on Tuesday he worked 2 hours . How much money did Dave make in those two days ?,6 * ( 6 + 2 ) = 48 #### 48
There are 7 dogwood trees currently in the park . Park workers will plant 3 dogwood trees today and 2 dogwood trees tomorrow . How many dogwood trees will the park have when the workers are finished ?,7 + 3 + 2 = 12 #### 12
"219 people are going to the zoo , and there are 3 buses to take people . How many will go in each bus if the same number go in each one and all of the people go to the zoo ?",219 / 3 = 73 #### 73
There are 4 walnut trees currently in the park . Park workers will plant 6 more walnut trees today . How many walnut trees will the park have when the workers are finished ?,4 + 6 = 10 #### 10
"A company invited 24 people to a luncheon , but 10 of them did n't show up . If the tables they had held 7 people each , how many tables do they need ?",( 24 - 10 ) / 7 = 2 #### 2
"Vanessa and her mom were picking carrots from their garden . Vanessa picked 17 and her mother picked 14 . If only 24 of the carrots were good , how many bad carrots did they have ?",17 + 14 - 24 = 7 #### 7
Nancy uploaded 51 pictures to Facebook . She put 11 pics into one album and put the rest into 8 different albums . How many pictures were in each album ?,( 51 - 11 ) / 8 = 5 #### 5
Marlee has 12 guests coming to her Halloween party . Each table will hold 3 guests . How many tables will Marlee need ?,12 / 3 = 4 #### 4
"At Billy 's Restaurant a group with 2 adults and 5 children came in to eat . If each meal cost 3 dollars , how much was the bill ?",3 * ( 2 + 5 ) = 21 #### 21
Jesse starts with 78 pencils . He gives 44 to Joshua . How many pencils does Jesse end with ?,78 - 44 = 34 #### 34
"Tommy had some balloons . His mom gave him 34 more balloons for his birthday . Then , Tommy had 60 balloons . How many balloons did Tommy have to start with ?",60 - 34 = 26 #### 26
Mildred collects 77 oranges . Mildred 's father gives Mildred 2 more . How many oranges does Mildred have ?,77 + 2 = 79 #### 79
Each bag contains 23 pounds of oranges . How many pounds of oranges are in 45 bags ?,23 * 45 = 1035 #### 1035
"If Teresa jogged 25 kilometers at 5 kilometers per hour , how long was Teresa jogging ?",25 / 5 = 5 #### 5
A new virus is released on the internet . The administrator of a department 's LAN is given 5 minutes by a manager to estimate the impact . The administrator samples 12 of the PCs connected to the LAN and finds that 7 are infected . Use a proportion to estimate the number of infected PCs if there are a total of 216 PCs connected to the LAN .,216 * ( 7 / 12 ) = 126 #### 126
"A waiter at ' The Greasy Spoon ' restaurant had 26 customers to wait on . During the lunch rush he added another 27 customers . If 27 of the customers did n't leave him a tip , how many customers did leave a tip ?",26 + 27 - 27 = 26 #### 26
"In a video game , each enemy defeated gives you 9 points . If a level has 11 enemies total and you destroy all but 3 of them , how many points would you earn ?",9 * ( 11 - 3 ) = 72 #### 72
"Each child has 6 pencils . If there are 2 children , how many pencils are there in total ?",6 * 2 = 12 #### 12
There are 4 squirrels in a tree with 2 nuts . How many more squirrels are there than nuts ?,4 - 2 = 2 #### 2
Pamela starts with 30 bottle caps . Jean takes 26 away . How many bottle caps does Pamela end with ?,30 - 26 = 4 #### 4
A bee has 6 legs . How many legs do 8 bees have ?,6 * 8 = 48 #### 48
There are 34 dogwood trees currently in the park . Park workers will plant 49 dogwood trees today . How many dogwood trees will the park have when the workers are finished ?,34 + 49 = 83 #### 83
"A pet store has 4 bird cages . If each cage has 8 parrots and 2 parakeets in it , how many birds does the pet store have total ?",4 * ( 8 + 2 ) = 40 #### 40
"The cafeteria had 96 apples . For lunch they handed out 42 to students and decided to use the rest to make pies . If each pie takes 6 apples , how many pies could they make ?",( 96 - 42 ) / 6 = 9 #### 9
"Gwen was organizing her book case making sure each of the shelves had exactly 4 books on it . If she had 5 shelves of mystery books and 3 shelves of picture books , how many books did she have total ?",4 * ( 5 + 3 ) = 32 #### 32
"Joan 's high school played 864 baseball games this year , 128 of the games were played at night . She attended 395 games . How many baseball games did Joan miss ?",864 - 395 = 469 #### 469
Sam had 9 dimes in his bank . His dad gave him 7 dimes . How many dimes does Sam have now ?,9 + 7 = 16 #### 16
"I have 80 cents to buy candy . If each gumdrop costs 4 cents , how many gumdrops can I buy ?",80 / 4 = 20 #### 20
Mary had 7 nickels in her bank . Her dad gave her 5 more nickels . How many nickels does Mary have now ?,7 + 5 = 12 #### 12
Martha bought 18 small cakes . She has 3 children . She would like to divide the cakes among her children so that each child gets the same amount . How many cakes would each child get ?,18 / 3 = 6 #### 6
"Mike bought some toys . He bought marbles for $ 9.05 , a football for $ 4.95 , and spent $ 6.52 on a baseball . In total , how much did Mike spend on toys ?",9.05 + 4.95 + 6.52 = 20.52 #### 20.52
A chef bought 0.14 kilograms of almonds and 0.38 kilograms of pecans . How many kilograms of nuts did the chef buy in all ?,0.14 + 0.38 = 0.52 #### 0.52
Mrs. Hilt has 50 cents . A pencil costs 5 cents . How many pencils can she buy with the money she has ?,50 / 5 = 10 #### 10
"Kimberly has 5 Skittles . She buys 7 more . Later , Kimberly buys 18 oranges at the store . How many Skittles does Kimberly have in all ?",5 + 7 = 12 #### 12
"Gwen was organizing her book case making sure each of the shelves had exactly 9 books on it . If she had 3 shelves of mystery books and 5 shelves of picture books , how many books did she have total ?",9 * ( 3 + 5 ) = 72 #### 72
"Mary found 2 seashells and Keith found 5 seashells on the beach . When they cleaned them , they discovered that 9 were cracked . How many seashells did they find together ?",2 + 5 = 7 #### 7
"Sam invited 9 friends to a birthday party , but 6 could n't come . If he wanted to buy enough cupcakes so each person could have exactly 2 , how many should he buy ?",2 * ( 9 - 6 ) = 6 #### 6
"There were 8 friends playing a video game online when 3 players quit . If each player left had 3 lives , how many lives did they have total ?",3 * ( 8 - 3 ) = 15 #### 15
Mary got fast food for lunch . Mary spent $ 1.08 on soup and $ 4.8 on a salad . Mary paid with a 20 dollar bill . What was the total of the lunch bill ?,1.08 + 4.8 = 5.88 #### 5.88
"18 children were riding on the bus . At the bus stop , some more children got on the bus . Then there were 25 children altogether on the bus . How many children got on the bus at the bus stop ?",25 - 18 = 7 #### 7
Melissa scored 120 points in each game . How many points did she score in 10 games ?,120 * 10 = 1200 #### 1200
Kate has 223 pennies . John has 388 pennies . How many more pennies does John have ?,388 - 223 = 165 #### 165
Sara has 31 red and 15 green balloons . Sandy has 24 red balloons . How many red balloons do they have in total ?,31 + 24 = 55 #### 55
There are 97 erasers in a box . Ernest has 17 erasers in a bag . Mark takes 97 erasers out of the box . How many erasers are left in the box ?,97 - 97 = 0 #### 0
Marlee has 12 guests coming to her Halloween party . Each table will hold 3 guests . How many tables will she need ?,12 / 3 = 4 #### 4
Tom found 7 seashells but 4 were broken . How many unbroken seashells did Tom find ?,7 - 4 = 3 #### 3
"Allen , Shiela ’ s brother , likes to play with blocks . Shiela repainted Allen ’ s old blocks in different colors . If Allen has 49 identical blocks and there are 7 blocks for every color of paint used , how many colors did Shiela use ?",49 / 7 = 7 #### 7
"Frank was collecting cans for recycling . On Saturday he filled 5 bags up and on Sunday he filled 3 more bags . If each bag had 5 cans in it , how many cans did he pick up total ?",5 * ( 5 + 3 ) = 40 #### 40
"A dust storm sweeps across the prairie . It covers 64535 acres of the prairie in dust , but leaves 522 acres untouched . How many acres does the prairie cover ?",64535 - 522 = 64013 #### 64013
"During a school play , Jonah staffed the snack bar . He served 0.25 pitcher of lemonade during the first intermission , 0.42 pitcher during the second , and 0.25 pitcher during the third . How many pitchers of lemonade did Jonah pour in all ?",0.25 + 0.25 + 0.42 = 0.92 #### 0.92
"The school cafeteria ordered 25 red apples and 17 green apples for students lunches . But , if only 10 students wanted fruit , how many extra did the cafeteria end up with ?",25 + 17 - 10 = 32 #### 32
Helen starts with 9 oranges . She gets 29 more from Ann . How many oranges does Helen end with ?,9 + 29 = 38 #### 38
Greg and Sharon own neighboring cornfields . Greg harvested 0.4 acre of corn on Monday and Sharon harvested 0.1 acre . How many more acres did Greg harvest than Sharon ?,0.4 - 0.1 = 0.3 #### 0.3
A fruit farm packs oranges in boxes that hold 10 each . One day it packs 2650 oranges . How many boxes did they use ?,2650 / 10 = 265 #### 265
"Adam bought 9 packages of cat food and 7 packages of dog food . Each package of cat food contained 10 cans , and each package of dog food contained 5 cans . How many more cans of cat food than dog food did Adam buy ?",9 * 10 - 7 * 5 = 55 #### 55
"John was organizing his baseball cards in a binder with 3 on each page . If he had 8 new cards and 16 old cards to put in the binder , how many pages would he use ?",( 8 + 16 ) / 3 = 8 #### 8
She counted her crayons and found out that she has 80 crayons which she will place in crayon boxes . Every box can contain 8 crayons . How many boxes does she need ?,80 / 8 = 10 #### 10
Dan grew 42 turnips and 38 cantelopes . Jessica grew 47 turnips . How many turnips did they grow in total ?,42 + 47 = 89 #### 89
"The mini library also has a section for the classics . If Jack has a collection of 6 classic authors , with each author having 33 books , how many books does he have in the classics section ?",6 * 33 = 198 #### 198
There are 40 boys and some girls on the playground . There are 117 children altogether . How many girls are on the playground ?,117 - 40 = 77 #### 77
Tim has 22 books . Mike has 20 books . How many books do they have together ?,22 + 20 = 42 #### 42
Sara picked 6 pears and Tim picked 5 pears from the pear tree . How many pears were picked in total ?,6 + 5 = 11 #### 11
"April 's discount flowers was having a sale where each flower was 3 dollars . If Robin bought 5 roses and 4 daisies , how much did she spend ?",3 * ( 5 + 4 ) = 27 #### 27
Ronald has 13 blocks . Martha has with 4 blocks . Martha finds another 80 . How many blocks does Martha end with ?,4 + 80 = 84 #### 84
"Zoe had 42 bottles of water in her fridge . If she drank 25 of them and then bought 30 more , how many bottles would she have ?",42 + 30 - 25 = 47 #### 47
"Paul made 3 dollars mowing lawns and 3 dollars weed eating . If he only spent 3 dollar a week , how long would the money last him ?",( 3 + 3 ) / 3 = 2 #### 2
"The cafeteria had 47 apples . For lunch they handed out 27 to students and decided to use the rest to make pies . If each pie takes 4 apples , how many pies could they make ?",( 47 - 27 ) / 4 = 5 #### 5
"Janet was playing a video game and had 47 lives . In a hard part of the game she lost 23 lives . If she got 46 more lives in the next level , how many lives would she have ?",47 + 46 - 23 = 70 #### 70
There are 2 pencils in the drawer . Tim placed 3 pencils in the drawer . How many pencils are now there in total ?,2 + 3 = 5 #### 5
"Maria was making baggies of cookies with 5 cookies in each bag . If she had 33 chocolate chip cookies and 2 oatmeal cookies , how many baggies could she make ?",( 33 + 2 ) / 5 = 7 #### 7
There are 33 pencils and 44 crayons in the drawer . Joan placed 27 pencils in the drawer . How many pencils are now there in total ?,33 + 27 = 60 #### 60
A carpenter bought a piece of wood that was 8.9 centimeters long . Then he sawed 2.3 centimeters off the end . How long is the piece of wood now ?,8.9 - 2.3 = 6.6 #### 6.6
"Sam had to wash 40 short sleeve shirts and 23 long sleeve shirts before school . If he had only washed 29 of them by the time school started , how many did he not wash ?",40 + 23 - 29 = 34 #### 34
There are 4 crayons in each box . How many crayons are in 3 boxes ?,4 * 3 = 12 #### 12
Benny 's high school played 39 baseball games this year . He attended 14 games . How many baseball games did Benny miss ?,39 - 14 = 25 #### 25
"At the arcade Dave won 25 tickets . If he spent 22 tickets on a beanie and later won 15 more tickets , how many would he have ?",25 + 15 - 22 = 18 #### 18
Benny worked 3 hours for 6 days . How many hours did he work in total ?,3 * 6 = 18 #### 18
Carlos starts with 39 bananas . 3 are eaten by a hippopotamus . How many bananas does Carlos end with ?,39 - 3 = 36 #### 36
"Robin uploaded 31 pictures from her phone and 5 from her camera to facebook . If she sorted the pics into 9 different albums with the same amount of pics in each album , how many pictures were in each of the albums ?",( 31 + 5 ) / 9 = 4 #### 4
"Dana earns $ 13 per hour . She worked 9 hours on Friday , 10 hours on Saturday , and 3 hours on Sunday . How much money did Dana earn in all ?",13 * ( 9 + 10 + 3 ) = 286 #### 286
Melanie is selling 4 gumballs for eight cents each . How much money can Melanie get from selling the gumballs ?,4 * 8.0 = 32 #### 32
Melanie had 19 dimes in her bank . Her dad gave her 39 dimes and her mother gave her 25 dimes . How many dimes does Melanie have now ?,19 + 39 + 25 = 83 #### 83
"Haley has 63 magazines in her cabinet . She plans to send it to the recycling office in their area . If she places it in boxes which can contain 9 magazines , how many boxes will Hayley use ?",63 / 9 = 7 #### 7
The Ferris wheel in Paradise Park has 14 seats . Each seat can hold 6 people . How many people can ride the Ferris wheel at the same time ?,14 * 6 = 84 #### 84
A construction company bought 5.91 tons of gravel and 8.11 tons of sand . How many tons of material did the company buy in all ?,5.91 + 8.11 = 14.02 #### 14.02
Mrs. Hilt has 40 markers . They are divided equally into 7 packages . Mrs. Hilt wants to know how many markers are in each package ?,40 / 7 = 5 #### 5
Jason had 49 quarters in his bank . His dad gave him 25 quarters . How many quarters does he have now ?,49 + 25 = 74 #### 74
"Adam had 33 books . If he sold 11 of them and used the money he earned to buy 23 new books , how many books would Adam have ?",33 + 23 - 11 = 45 #### 45
"Joan had 695 Pokemon cards , and 6 were torn . Sara bought 133 of Joan 's Pokemon cards . How many Pokemon cards does Joan have now ?",695 - 133 = 562 #### 562
"Kaleb bought 14 boxes of chocolate candy and gave 5 to his little brother . If each box has 6 pieces inside it , how many pieces did Kaleb still have ?",6 * ( 14 - 5 ) = 54 #### 54
"Keith grew 29 cantelopes , Fred grew 16 cantelopes , and Jason grew 20 cantelopes . How many cantelopes did they grow in total ?",29 + 16 + 20 = 65 #### 65
"Jerry had 7 action figures , but needed 16 total for a complete collection . If each one costs $ 8 , how much money would he need to finish his collection ?",8 * ( 16 - 7 ) = 72 #### 72
"Carrie 's mom gave her $ 91 to go shopping . She bought a sweater for $ 24 , a T - shirt for $ 6 , and a pair of shoes for $ 11 . How much money does Carrie have left ?",91 - ( 24 + 6 + 11 ) = 50 #### 50
"Nancy 's class is going on a field trip to the zoo . If each van can hold 5 people and there are 12 students and 3 adults going , how many vans will they need ?",( 12 + 3 ) / 5 = 3 #### 3
Mary starts with 27 eggs . She finds another 4 . How many eggs does Mary end with ?,27 + 4 = 31 #### 31
Megan had 49 markers . Robert gave her 39 more markers . How many markers does Megan have altogether ?,49 + 39 = 88 #### 88
Katherine has 34 bottle caps . 8 are eaten by a hippopotamus . How many bottle caps will Katherine have ?,34 - 8 = 26 #### 26
"A waiter had 7 tables he was waiting on , with 7 women and 2 men at each table . How many customers total did the waiter have ?",7 * ( 7 + 2 ) = 63 #### 63
"Each chocolate bar in a box cost $ 3 . If a box had 9 bars total and Wendy sold all but 3 bars , how much money would she have made ?",3 * ( 9 - 3 ) = 18 #### 18
"Mary , Sam , Keith , and Alyssa each have 6 baseball cards . How many baseball cards do they have in all ?",4.0 * 6 = 24 #### 24
"Chloe picked 48 carrots from her garden . If she threw out 45 of them and then picked 42 more the next day , how many carrots would she have total ?",48 + 42 - 45 = 45 #### 45
A box of books weighs 42 pounds . Each book weighs 3 pounds . How many books are there in the box ?,42 / 3 = 14 #### 14
There are 34 pencils and 49 crayons in the drawer . Dan took 22 pencils from the drawer . How many pencils are now in the drawer ?,34 - 22 = 12 #### 12
Joan went to 4 football games this year . She went to 9 games last year . How many football games did Joan go to in all ?,4 + 9 = 13 #### 13
Annie starts with 4 crayons . Matthew gives Annie 36 more . How many crayons does Annie end with ?,4 + 36 = 40 #### 40
"Dan joined his school 's band . He bought a clarinet for $ 130.3 , and a song book which was $ 11.24 . Dan found $ 12.32 in his pocket . How much did Dan spend at the music store ?",130.3 + 11.24 = 141.54 #### 141.54
"Mike made 69 dollars mowing lawns over the summer . If he spent 24 dollars buying new mower blades , how many 5 dollar games could he buy with the money he had left ?",( 69 - 24 ) / 5 = 9 #### 9
"Ella owns 2 dogs . Each day , 1 dog eats 0.12 scoop of dog food and the other dog eats 0.12 scoop . Together , how much dog food do the 2 dogs eat each day ?",0.12 + 0.12 = 0.25 #### 0.25
"There were 30 girls and 36 boys trying out for the schools basketball team . If only 10 of them got called back , how many students did n't make the cut ?",30 + 36 - 10 = 56 #### 56
Bob ’ s car gets 10 kilometers per gallon . How far can he drive on 10 gallons of gas ?,10 * 10 = 100 #### 100
Sally grew 113 turnips and 118 pumpkins . Mary grew 129 turnips . How many turnips did they grow in total ?,113 + 129 = 242 #### 242
Charlie has 31 more snowballs than Lucy . She has 19 snowballs . How many does Charlie have ?,31 + 19 = 50 #### 50
"Tiffany was playing a video game where she scores 6 points for each treasure she finds . If she found 3 treasures on the first level and 5 on the second , what would her score be ?",6 * ( 3 + 5 ) = 48 #### 48
A restaurant served 5 cakes during lunch and 6 during dinner today . The restaurant served 3 cakes yesterday . How many cakes were served in total ?,5 + 6 + 3 = 14 #### 14
"A magician was selling magic card decks for 7 dollars each . If he started with 16 decks and by the end of the day he had 8 left , how much money did he earn ?",7 * ( 16 - 8 ) = 56 #### 56
Bridget weighs 39 pounds . Martha weighs 2 pounds . How much heavier is Bridget than Martha ?,39 - 2 = 37 #### 37
"Jovana filled her bucket with 5 pounds of shells . If she adds 12 more pounds of shell to fill her bucket , how many pounds does she have ?",5 + 12 = 17 #### 17
"A bee colony produced 0.36 pounds of honey , but bears ate 0.05 pounds of it . How much honey remains ?",0.36 - 0.05 = 0.31 #### 0.31
For the school bake sale Wendy made pastries . She baked 41 cupcakes and 31 cookies . After the sale she had 32 to take back home . How many pastries did she sell ?,41 + 31 - 32 = 40 #### 40
Alyssa picked 17 plums and Jason picked 10 plums . Melanie picked 35 pears . How many plums were picked in all ?,17 + 10 = 27 #### 27
There are 2 pencils in the drawer . Tim placed 3 more pencils in the drawer . How many pencils are now there in total ?,2 + 3 = 5 #### 5
"Mike had 16 video games but 8 of them were n't working . If he wanted to sell the working games for $ 7 each , how much money could he earn ?",7 * ( 16 - 8 ) = 56 #### 56
"Diana has 3840 erasers . If she shares them among 48 friends , how many erasers does each friend get ?",3840 / 48 = 80 #### 80
Joan has 9 blue balloons but lost 2 of them . How many blue balloons does Joan have now ?,9 - 2 = 7 #### 7
A truck carrying 4.1 pounds of sand travels to a construction yard and loses 2.4 pounds of sand along the way . How much sand does the truck have when it arrives at the yard ?,4.1 - 2.4 = 1.7 #### 1.7
There are 37 baskets . There are 17 apples in each basket . How many apples are there in all ?,37 * 17 = 629 #### 629
"Marilyn has 40 bananas that must be put away in boxes . Daniel comes to help and brings 10 cookies to share with Marilyn . If there are 8 boxes , how many bananas must go in each box ?",40 / 8 = 5 #### 5
Tim has 13 dozen golf balls . How many golf balls does he have ?,13 * 12.0 = 156 #### 156
Mrs. Hilt measured the distance from her desk to the water fountain . It was 30 feet . How many feet will Mrs. Hilt walk on her trips to the fountain if she goes to the water fountain 4 times today ?,30 * 4 = 120 #### 120
"A book store had 4 books in the bargin bin . If they sold 3 books , but then put 10 more in the bin , how many books would be in the bin ?",4 + 10 - 3 = 11 #### 11
"Sally found 9 seashells , Tom found 7 seashells , and Jessica found 5 seashells on the beach . How many seashells did they find together ?",9 + 7 + 5 = 21 #### 21
"Kaleen filled a bucket with 0.75 gallon of water . A few minutes later , she realized only 0.5 gallon of water remained . How much water had leaked out of the bucket ?",0.75 - 0.5 = 0.25 #### 0.25
"A painter needed to paint 9 rooms in a building . Each room takes 8 hours to paint . If he already painted 5 rooms , how much longer will he take to paint the rest ?",8 * ( 9 - 5 ) = 32 #### 32
Roadster 's Paving Company used 10 tons of cement to pave Lexi 's street and 5.1 tons of cement to pave Tess 's street . How much cement did Roadster 's Paving Company use in all ?,10 + 5.1 = 15.1 #### 15.1
Kelly has 121 Nintendo games . How many does she need to give away so that she will have 22 games left ?,121 - 22 = 99 #### 99
"Gwen and her friends were recycling paper for their class . For every 3 pounds they recycled they earned one point . If Gwen recycled 5 pounds and her friends recycled 13 pounds , how many points did they earn ?",( 5 + 13 ) / 3 = 6 #### 6
Janet has 3 stickers . She gets 53 more from Ruth . How many stickers does Janet have in all ?,3 + 53 = 56 #### 56
"Before December , customers buy 1346 ear muffs from the mall . During December , they buy 6444 more , and there are none left . In all , how many ear muffs do the customers buy ?",1346 + 6444 = 7790 #### 7790
"Kevin bought 2 watermelons . The first watermelon was 9.91 pounds , and the second watermelon was 4.11 pounds . How many pounds of watermelon did Kevin buy ?",9.91 + 4.11 = 14.02 #### 14.02
"For the school bake sale Carol made 19 cupcakes . If she sold 6 of them and then made 27 more , how many cupcakes would she have ?",19 + 27 - 6 = 40 #### 40
There are 8 marbles in each box . How many marbles are in 6 boxes ?,8 * 6 = 48 #### 48
"In a video game , each enemy defeated gives you 3 points . If a level has 6 enemies total and you destroy all but 2 of them , how many points would you earn ?",3 * ( 6 - 2 ) = 12 #### 12
David removes 7 eggs from a jar . There were originally 27 eggs in the jar . How many eggs are left in the jar ?,27 - 7 = 20 #### 20
Billy has 62 crayons . 52 are eaten by a hippopotamus . How many crayons will Billy have ?,62 - 52 = 10 #### 10
"If each ball costs $ 1.54 , how much must Kyoko pay for 3 balls ?",1.54 * 3 = 4.62 #### 4.62
"The cafeteria had 75 apples . For lunch they handed out 19 to students and decided to use the rest to make pies . If each pie takes 8 apples , how many pies could they make ?",( 75 - 19 ) / 8 = 7 #### 7
Kelly 's chemistry textbook weighs 7.12 pounds and her geometry textbook weighs 0.62 pound . How much more does the chemistry textbook weigh than the geometry textbook ?,7.12 - 0.62 = 6.5 #### 6.5
Fred had 7 dimes in his bank . His sister borrowed 3 of his dimes . How many dimes does Fred have now ?,7 - 3 = 4 #### 4
Molly had 14 candles on her birthday cake . She grew older and got 6 more on her birthday cake . How old is Molly now ?,14 + 6 = 20 #### 20
"At the schools book fair Victor bought 32 adventure books and 37 mystery books . If 16 of the books were used , how many new books did he buy ?",32 + 37 - 16 = 53 #### 53
"There are 1986 books in Oak Grove 's public library . In addition , there are 5106 books in its school libraries . How many books do the libraries in Oak Grove have overall ?",1986 + 5106 = 7092 #### 7092
"There were a total of 27 soccer games during the 3 month season . If the games are equally divided , how many soccer games are played a month ?",27 / 3 = 9 #### 9
A store had 40 coloring books in stock . They ended up putting them on sale and getting rid of 20 of them . The put the ones they still had onto shelves with 4 on each shelf . How many shelves did they use ?,( 40 - 20 ) / 4 = 5 #### 5
"Dave bought 12 boxes of chocolate candy and gave 5 to his little brother . If each box has 3 pieces inside it , how many pieces did Dave still have ?",3 * ( 12 - 5 ) = 21 #### 21
A pet store had 41 siamese cats and 28 house cats . During a sale they sold 15 cats . How many cats do they have left ?,41 + 28 - 15 = 54 #### 54
"Fred found 47 seashells on the beach , he gave Jessica 25 of the seashells . How many seashells does he now have ?",47 - 25 = 22 #### 22
Mrs. Sheridan has 17 cats . Mr. Sheridan gave her 14 more cats . How many cats does Mrs. Sheridan have altogether ?,17 + 14 = 31 #### 31
"Alyssa has 37 blue balloons , Sandy has 28 blue balloons , and Sally has 39 blue balloons . How many blue balloons do they have in all ?",37 + 28 + 39 = 104 #### 104
Mrs. Hilt saw 144 bees in the hive . The next day she saw 3 times that many . How many bees did she see on the second day ?,144 * 3 = 432 #### 432
"Emily was playing a video game and had 42 lives . In a hard part of the game she lost 25 lives . If she got 24 more lives in the next level , how many lives would she have ?",42 + 24 - 25 = 41 #### 41
"Last year , 90171 people were born in a country , and 16320 people immigrated to it . How many new people began living in the country last year ?",90171 + 16320 = 106491 #### 106491
"There were 8 friends playing a video game online when 5 players quit . If each player left had 5 lives , how many lives did they have total ?",5 * ( 8 - 5 ) = 15 #### 15
Ralph collects 4 cards . Ralph 's father gives Ralph 8 more . How many cards does Ralph have ?,4 + 8 = 12 #### 12
"Keith found 6 seashells , Jessica found 8 seashells , and Tim found 7 seashells on the beach . When they cleaned them , they discovered that 3 were cracked . How many seashells did they find together ?",6 + 8 + 7 = 21 #### 21
There are 42 walnut trees and 12 orange trees currently in the park . Park workers had to cut down 13 walnut trees that were damaged . How many walnut trees will be in the park when the workers are finished ?,42 - 13 = 29 #### 29
Bianca uploaded 33 pictures to Facebook . She put 27 pics into one album and put the rest into 3 different albums . How many pictures were in each album ?,( 33 - 27 ) / 3 = 2 #### 2
"A waiter had 19 customers to wait on . If 14 customers left and he got another 36 customers , how many customers would he have ?",19 + 36 - 14 = 41 #### 41
Edward and his friend were buying trick decks from the magic shop for 6 dollars each . How much did they spend if Edward bought 3 decks and his friend bought 6 decks ?,6 * ( 6 + 3 ) = 54 #### 54
179 birds were sitting in a tree . 38 more birds flew up to the tree . How many birds were there altogether in the tree ?,179 + 38 = 217 #### 217
"Jesse has 21 bananas . If he shares them among 3 friends , how many bananas does each friend get ?",21 / 3 = 7 #### 7
Mr. Guzman bought 48 doughnuts packed equally into 4 boxes . How many doughnuts were in each box ?,48 / 4 = 12 #### 12
"Blake filled a bucket with 0.8 gallon of water . Later , he poured out 0.2 gallon of the water . How much water is in the bucket ?",0.8 - 0.2 = 0.6 #### 0.6
"At lunch a waiter had 9 customers and 5 of them did n't leave a tip . If he got $ 8 each from the ones who did tip , how much money did he earn ?",8 * ( 9 - 5 ) = 32 #### 32
Wanda has 4 blocks . Theresa gives Wanda 79 more . How many blocks does Wanda have in all ?,4 + 79 = 83 #### 83
"Sandy has 10 books , Benny has 24 books , and Tim has 33 books . How many books do they have together ?",10 + 24 + 33 = 67 #### 67
There are 8 oranges . 8 oranges more are added . How many are there total ?,8 + 8 = 16 #### 16
A group of science students went on a field trip . They took 6 vans and 8 buses . There were 6 people in each van and 18 people in each bus . How many people went on the field trip ?,6 * 6 + 8 * 18 = 180 #### 180
"Mike has 8 orange marbles , he gave Sam 4 of the marbles . How many orange marbles does he now have ?",8 - 4 = 4 #### 4
"There were 8 friends playing a video game online when 2 more players joined the game . If each player had 6 lives , how many lives did they have total ?",6 * ( 8 + 2 ) = 60 #### 60
"Bianca and her friends were recycling paper for their class . For every 3 pounds they recycled they earned one point . If Bianca recycled 24 pounds and her friends recycled 3 pounds , how many points did they earn ?",( 3 + 24 ) / 3 = 9 #### 9
There are 124 students making 3 stars each for the school wall . How many stars will they make all together ?,124 * 3 = 372 #### 372
Lana was unboxing some of her old winter clothes . She found 3 boxes of clothing and inside each box there were 3 scarves and 4 mittens . How many pieces of winter clothing did Lana have total ?,3 * ( 3 + 4 ) = 21 #### 21
Connie has 323 marbles . Juan has 175 more marbles than Connie . How many marbles does Juan have ?,323 + 175 = 498 #### 498
"The selling price of a pair of pants is 34 dollars . If the store paid 8 dollars less for the pants , find the price that the store paid , in dollars .",34 - 8 = 26 #### 26
Isabella ’ s hair is 18 inches long . By the end of the year her hair is 24 inches long . How much hair did she grow ?,24 - 18 = 6 #### 6
"Olivia was playing a video game where she scores 8 points for each treasure she finds . If she found 2 treasures on the first level and 2 on the second , what would her score be ?",8 * ( 2 + 2 ) = 32 #### 32
"I have 648 pencils . If I put 4 pencils in each pencil box , how many pencil boxes will I fill ?",648 / 4 = 162 #### 162
"Mary loves eating fruits . Mary paid $ 11.08 for berries , $ 14.33 for apples , and $ 9.31 for peaches . In total , how much money did she spend ?",11.08 + 14.33 + 9.31 = 34.72 #### 34.72
It took me 6 minutes to walk 500 meters . How fast was I travelling ?,500 / 6 = 83.33 #### 83.33
There are 37 short bushes and 30 tall trees currently in the park . Park workers will plant 20 short bushes today . How many short bushes will the park have when the workers are finished ?,37 + 20 = 57 #### 57
Dan has 5 blue marbles . Mary has 2 times more blue marbles than Dan . How many blue marbles does Mary have ?,5 * 2 = 10 #### 10
Tim has 22 books . Mike has 20 books . How many books do they have together ?,22 + 20 = 42 #### 42
"Faye was selling her necklaces at a garage sale . She sold 3 bead necklaces and 7 gem stone necklaces . If each necklace cost 7 dollars , how much money did she earn ?",7 * ( 3 + 7 ) = 70 #### 70
"A worksheet had 2 problems on it . If a teacher had 14 worksheets to grade and had already graded 7 of them , how many more problems does she have to grade ?",2 * ( 14 - 7 ) = 14 #### 14
There are 39 dogwood trees currently in the park . Park workers will plant 41 dogwood trees today and 20 dogwood trees tomorrow . How many dogwood trees will the park have when the workers are finished ?,39 + 41 + 20 = 100 #### 100
Daniel had some noodles . He gave 12 noodles to William . Now Daniel only has 54 noodles . How many noodles did Daniel have to begin with ?,12 + 54 = 66 #### 66
A restaurant sold 8 pies every day for a week . How many pies were sold during the week ?,8 * 7.0 = 56 #### 56
Connie has 39 marbles . Juan has 25 more marbles than Connie . How many marbles does Juan have ?,39 + 25 = 64 #### 64
There were 6 roses in the vase . Mary cut some roses from her flower garden . There are now 16 roses in the vase . How many roses did she cut ?,16 - 6 = 10 #### 10
"For the school bake sale Carol made 30 cupcakes . If she sold 9 of them and then made 28 more , how many cupcakes would she have ?",30 + 28 - 9 = 49 #### 49
Sarah was planting vegetables in her garden . She started with 21 seeds and planted 12 of them in the big garden and in each of her small gardens put 3 seeds each . How many small gardens did Sarah have ?,( 21 - 12 ) / 3 = 3 #### 3
Roden went to a pet shop . He bought 15 gold fish and 7 blue fish . How many fish did he buy ?,15 + 7 = 22 #### 22
"A company invited 18 people to a luncheon , but 12 of them did n't show up . If the tables they had held 3 people each , how many tables do they need ?",( 18 - 12 ) / 3 = 2 #### 2
"Rachel was playing a video game where she scores 9 points for each treasure she finds . If she found 5 treasures on the first level and 2 on the second , what would her score be ?",9 * ( 5 + 2 ) = 63 #### 63
Mrs. Hilt bought 2 pizzas . Each pizza had 8 slices . How many total slices of pizza did she have ?,2 * 8 = 16 #### 16
"You are reading a book with 120 pages . If you want to read the same number of pages each night , how many would you have to read each night to finish in 10 days ?",120 / 10 = 12 #### 12
"Benny received 79 dollars and 9 movie tickets for his birthday . He went to a sporting goods store and bought a baseball glove , baseball , and bat . He had 32 dollars over , how much did he spent on the baseball gear ?",79 - 32 = 47 #### 47
"Ned was trying to expand his game collection . He bought 50 games from a friend and bought 27 more at a garage sale . If 74 of the games did n't work , how many good games did he end up with ?",50 + 27 - 74 = 3 #### 3
Linda has 34 candies . Chloe has 28 . How many candies do they have in all ?,34 + 28 = 62 #### 62
Sara has 3 green and 5 red marbles . Tom has 4 green marbles . How many green marbles do they have in total ?,3 + 4 = 7 #### 7
Haley was planting vegetables in her garden . She started with 56 seeds and planted 35 of them in the big garden and in each of her small gardens put 3 seeds each . How many small gardens did Haley have ?,( 56 - 35 ) / 3 = 7 #### 7
"A furniture store marks up items 20 % . It the furniture store buys a couch for 350 dollars , what will the selling price be , in dollars ?",350 + 20 * 350 * 0.01 = 420 #### 420
Michelle has 7 boxes of crayons . Each box holds 5 crayons . How many crayons does Michelle have ?,7 * 5 = 35 #### 35
"How much interest , in dollars , will you pay on a 8100 dollars loan for 1 year if the interest rate is 15 % ?",0.01 * 8100 * 15 = 1215 #### 1215
"Ashley sold 12 boxes of Samoas . How many cases of 12 boxes , plus extra boxes does Ashley need ?",12 / 12 = 1 #### 1
"Fred has 5 yellow balloons , Sam has 6 yellow balloons , and Mary has 7 yellow balloons . The balloons cost 5 dollars . How many yellow balloons do they have in total ?",5 + 6 + 7 = 18 #### 18
There are 48 pencils and 40 scissors in the drawer . Joan placed 29 pencils in the drawer . How many pencils are now there in all ?,48 + 29 = 77 #### 77
"While taking inventory at her pastry shop , Kelly realizes that she had 0.4 box of baking powder yesterday , but the supply is now down to 0.3 box . How much more baking powder did Kelly have yesterday ?",0.4 - 0.3 = 0.1 #### 0.1
Third - grade students went to a concert in 8 buses . Each bus took 45 students . How many students went to the concert ?,8 * 45 = 360 #### 360
"Melanie , Benny , Sally , and Jessica each have 3 baseball cards . How many baseball cards do they have in all ?",4.0 * 3 = 12 #### 12
Tom had 27 pennies and 15 dimes in his bank . His dad gave him 33 dimes and 49 nickels . How many dimes does he have now ?,15 + 33 = 48 #### 48
"A chef needs to cook 12 potatoes . He has already cooked 6 . If each potato takes 6 minutes to cook , how long will it take him to cook the rest ?",6 * ( 12 - 6 ) = 36 #### 36
Brett drove 55 miles every hour . How many miles would he drive in 8 hours ?,55 * 8 = 440 #### 440
"April 's discount flowers was having a sale where each rose was 9 dollars . If April started with 11 roses and had 8 roses left , how much money did she earn ?",9 * ( 11 - 8 ) = 27 #### 27
There are 41 pencils in the drawer . Mike placed 30 more pencils in the drawer . How many pencils are now there in total ?,41 + 30 = 71 #### 71
What is 80 % of 40 ?,80 * 0.01 * 40 = 32 #### 32
There are 79 pencils in a box . Eric takes 4 pencils . How many are left ?,79 - 4 = 75 #### 75
"Each chocolate bar in a box cost $ 6 . If a box had 13 bars total and Zoe sold all but 6 bars , how much money would she have made ?",6 * ( 13 - 6 ) = 42 #### 42
Sarah 's old washing machine could only wash 5 pieces of clothing at a time . If she had to wash 43 shirts and 2 sweaters how many loads would she have to do ?,( 43 + 2 ) / 5 = 9 #### 9
"At the fair Kaleb bought 6 tickets . After riding the ferris wheel he had 3 tickets left . If each ticket cost 9 dollars , how much money did Kaleb spend riding the ferris wheel ?",9 * ( 6 - 3 ) = 27 #### 27
"Last year , egg producers in Douglas County produced 1416 eggs . This year , those same farms produced 4636 eggs . How many more eggs did the farms produce this year ?",4636 - 1416 = 3220 #### 3220
Tom found 5 seashells on the beach . he gave Jessica 2 of the seashells . How many seashells does he now have ?,5 - 2 = 3 #### 3
"Tiffany had 6 pages of math homework and 4 pages of reading homework . If each page had 3 problems on it , how many problems did she have to complete total ?",3 * ( 6 + 4 ) = 30 #### 30
"Keith grew 29 cantelopes , Fred grew 16 cantelopes , and Jason grew 20 cantelopes . How many cantelopes did they grow in total ?",29 + 16 + 20 = 65 #### 65
"Katie had 11 songs on her mp3 player . If she deleted 7 old songs from it and then added 24 new songs , how many songs does she have on her mp3 player ?",11 + 24 - 7 = 28 #### 28
Jose starts with 7 bottle caps . He gets 2 more from Rebecca . How many bottle caps does Jose end with ?,7 + 2 = 9 #### 9
"Will bought 7 boxes of chocolate candy and gave 3 to his little brother . If each box has 4 pieces inside it , how many pieces did Will still have ?",4 * ( 7 - 3 ) = 16 #### 16
"Faye had 34 coloring books . If she gave away 3 of them , but then bought 48 more , how many would she have total ?",34 + 48 - 3 = 79 #### 79
Jane buys an apple for $ 0.75 and pays with a $ 5 bill . How much change will she get ?,5 - 0.75 = 4.25 #### 4.25
"Paul was collecting cans for recycling . On Saturday he filled 6 bags up and on Sunday he filled 3 more bags . If each bag had 8 cans in it , how many cans did he pick up total ?",8 * ( 6 + 3 ) = 72 #### 72
"Mike made 101 dollars mowing lawns over the summer . If he spent 47 dollars buying new mower blades , how many 6 dollar games could he buy with the money he had left ?",( 101 - 47 ) / 6 = 9 #### 9
"At Lindsey 's Vacation Wear , 0.38 the garments are bikinis and 0.25 are trunks . What fraction of the garments are either bikinis or trunks ?",0.38 + 0.25 = 0.62 #### 0.62
"There are 2 students in the class and 18 pencils . If the pencils are divided equally among the students , how many does each student get ?",18 / 2 = 9 #### 9
If Rose strolled for 4 hours at 2 miles per hour . How far did Rose go ?,4 * 2 = 8 #### 8
"Karen added 0.25 cup of walnuts to a batch of trail mix . Later , she added 0.25 cup of almonds . How many cups of nuts did Karen put in the trail mix in all ?",0.25 + 0.25 = 0.5 #### 0.5
"Some insects called aphids attack a large farm . In response , the farmer releases ladybugs onto the fields . There are 12170 ladybugs with spots and 54912 ladybugs without spots . How many ladybugs are there in all ?",12170 + 54912 = 67082 #### 67082
Joan has saved 6 quarters from washing cars . How many cents does Joan have ?,6 * 25.0 = 150 #### 150
"A teacher has 344 pieces of candy . If there are 43 students , and the candy is divided evenly , How many pieces will each student get ?",344 / 43 = 8 #### 8
Sam has 16 blue and 25 green balloons . Alyssa has 21 blue balloons . How many blue balloons do they have in all ?,16 + 21 = 37 #### 37
Brennan had 0.25 grams of pepper . Then he used 0.16 grams of the pepper to make some scrambled eggs . How much pepper does Brennan have ?,0.25 - 0.16 = 0.09 #### 0.09
Sandy grew 6 carrots . Sam grew 3 carrots . How many carrots did they grow in total ?,6 + 3 = 9 #### 9
"Paige picked 53 flowers for her friend ’ s wedding . She was making bouquets with 7 flowers in each one . If 18 of the flowers wilted before the wedding , how many bouquets could she still make ?",( 53 - 18 ) / 7 = 5 #### 5
Sara has 792 black and 122 red marbles . Fred took 233 of Sara 's black marbles . How many black marbles does Sara now have ?,792 - 233 = 559 #### 559
"Abe 's family moved from the Bahamas to Japan , so they had convert their money into Japanese yen . Their checking account now has 6359 yen and their savings account now has 3485 yen . How many yen do they have ?",6359 + 3485 = 9844 #### 9844
"Bianca picked 23 carrots from her garden . If she threw out 10 of them and then picked 47 more the next day , how many carrots would she have total ?",23 + 47 - 10 = 60 #### 60
Cody had 45 dollars . For his birthday he got 9 more dollars but spent 19 on a new game . How much money does he have now ?,45 + 9 - 19 = 35 #### 35
Sally has 9 orange balloons and 4 blue balloons . She lost 2 of the orange balloons . How many orange balloons does Sally have now ?,9 - 2 = 7 #### 7
"While playing a trivia game , Mike answered 3 questions correct in the first half and 5 questions correct in the second half . If each question was worth 3 points , what was his final score ?",3 * ( 3 + 5 ) = 24 #### 24
"While playing a trivia game , George answered 6 questions correct in the first half and 4 questions correct in the second half . If each question was worth 3 points , what was his final score ?",3 * ( 6 + 4 ) = 30 #### 30
"The school cafeteria ordered 6 red apples and 15 green apples for students lunches . But , if only 5 students wanted fruit , how many extra did the cafeteria end up with ?",6 + 15 - 5 = 16 #### 16
3 friends own a car in Florida . One owns 0.58 of the car the second owns 0.17 . How much does the third own ?,1.0 - 0.58 - 0.17 = 0.25 #### 0.25
There are 2 apples in a pile on the desk . Each apple comes in a package of 7 . 4 apples are added to the pile . How many apples are there in the pile ?,2 + 4 = 6 #### 6
There were a total of 7 baseball games a month . The season is played for 2 months . How many baseball games are in a season ?,7 * 2 = 14 #### 14
"Vincent bought 10 books about animals , 1 book about outer space , and 3 books about trains . Each book cost $ 16 . How much did Vincent spend on the books ?",( 10 + 1 + 3 ) * 16 = 224 #### 224
"Emily bought 4 new chairs and 2 new tables for her house . If she spent 8 minutes on each piece furniture putting it together , how many minutes did it take her to finish ?",8 * ( 4 + 2 ) = 48 #### 48
Sarah has 7 boxes of apples . Each box holds 7 apples . How many apples does Sarah have ?,7 * 7 = 49 #### 49
"A pet store has 6 bird cages . If each cage has 2 parrots and 7 parakeets in it , how many birds does the pet store have total ?",6 * ( 2 + 7 ) = 54 #### 54
Nancy uploaded 41 pictures to Facebook . She put 37 pics into one album and put the rest into 2 different albums . How many pictures were in each album ?,( 41 - 37 ) / 2 = 2 #### 2
Jennifer has 72 cards . 61 are eaten by a hippopotamus . How many cards will Jennifer have ?,72 - 61 = 11 #### 11
"White t - shirts can be purchased in packages of 6 . If Mom buys 71 packages , how many white t - shirts will she have ?",6 * 71 = 426 #### 426
Jason had 49 quarters in his bank . His dad gave him 25 more quarters . How many quarters does he have now ?,49 + 25 = 74 #### 74
Melanie grew 139 turnips . Benny grew 113 turnips . How many turnips did they grow in all ?,139 + 113 = 252 #### 252
Nancy 's old washing machine could only wash 9 pieces of clothing at a time . If she had to wash 19 shirts and 8 sweaters how many loads would she have to do ?,( 19 + 8 ) / 9 = 3 #### 3
Lucy has an aquarium with 212 fish . She wants to buy 68 more fish . How many fish would Lucy have then ?,212 + 68 = 280 #### 280
The Silvergrove Public Library used a grant to purchase 2647 books . Now the library has a total of 8582 books . How many books did the library have before the grant ?,8582 - 2647 = 5935 #### 5935
"For Halloween Sarah received 66 pieces of candy from neighbors and 15 pieces from her older sister . If she only ate 9 pieces a day , how long would the candy last her ?",( 66 + 15 ) / 9 = 9 #### 9
Alyssa picked 42 pears and Nancy picked 17 pears from the pear tree . How many pears were picked in all ?,42 + 17 = 59 #### 59
A store had 50 oranges in a bin . If they threw away 40 of the old ones and put 24 new ones in the bin how many would be in the bin ?,50 + 24 - 40 = 34 #### 34
The school is planning a field trip . There are 14 students and 2 seats on each school bus . How many buses are needed to take the trip ?,14 / 2 = 7 #### 7
"Katie baked 18 cupcakes for her school 's bake sale . If her brother , Todd , ate 8 of them how many packages could she make if she put 2 cupcake in each package ?",( 18 - 8 ) / 2 = 5 #### 5
Mrs. Hilt uses 2 ounces of detergent to wash a pound of clothes . How many ounces of soap will Mrs. Hilt use to wash 9 pounds of clothes ?,2 * 9 = 18 #### 18
Sam found 18 seashells and Mary found 47 seashells on the beach . How many seashells did they find together ?,18 + 47 = 65 #### 65
256 students are going to the zoo . They have to be divided into groups so that each teacher has one group . There are 8 teachers . How many students will be in each group ?,256 / 8 = 32 #### 32
"Chloe baked 7 brownies , but needed 16 total for her party . If she used 6 cups of flour on each one , how much cups of flour does she still need ?",6 * ( 16 - 7 ) = 54 #### 54
"Megan earned 8 points for each bag of cans she recycled . If she had 14 bags , but did n't recycle 5 of them , how many points would she have earned ?",8 * ( 14 - 5 ) = 72 #### 72
"At the fair there were 31 people in line for the bumper cars . If 25 of them got tired of waiting and left and 25 more got in line , how many people would be in line ?",31 + 25 - 25 = 31 #### 31
There are 139 erasers and 118 scissors in the drawer . Jason placed 131 erasers in the drawer . How many erasers are now there in total ?,139 + 131 = 270 #### 270
Brenda has 34 apples . She gets 37 more from Willie . How many apples does Brenda have in all ?,34 + 37 = 71 #### 71
"Joan picked 43 apples from the orchard , and gave 27 apples to Melanie . How many apples does Joan have now ?",43 - 27 = 16 #### 16
Sally saw 1 dozen birds in a tree . How many birds did Sally see ?,1 * 12.0 = 12 #### 12
A store had 40 oranges in a bin . If they threw away 25 of the old ones and put 21 new ones in the bin how many would be in the bin ?,40 + 21 - 25 = 36 #### 36
Misha has 34 dollars . How many dollars does she have to earn to have 47 dollars to buy a dog ?,47 - 34 = 13 #### 13
"I walked 2 miles in 1 hour for Relay for Life . If I maintained this pace for the 8 hours I walk , how many miles total will I walk ?",2 * 8 = 16 #### 16
"Kaleb had 10 video games but 8 of them were n't working . If he wanted to sell the working games for $ 6 each , how much money could he earn ?",6 * ( 10 - 8 ) = 12 #### 12
"Sarah baked 38 cupcakes for her school 's bake sale . If her brother , Todd , ate 14 of them how many packages could she make if she put 8 cupcake in each package ?",( 38 - 14 ) / 8 = 3 #### 3
"Edward made 37 dollars mowing lawns over the summer . If he spent 21 dollars buying new mower blades , how many 2 dollar games could he buy with the money he had left ?",( 37 - 21 ) / 2 = 8 #### 8
Megan has 19 seashells . How many more seashells does she need to find to have 25 seashells in her collection ?,25 - 19 = 6 #### 6
"Bianca was organizing her book case making sure each of the shelves had exactly 8 books on it . If she had 5 shelves of mystery books and 4 shelves of picture books , how many books did she have total ?",8 * ( 5 + 4 ) = 72 #### 72
"There are 64 students trying out for the school 's trivia teams . If 36 of them did n't get picked for the team and the rest were put into 4 groups , how many students would be in each group ?",( 64 - 36 ) / 4 = 7 #### 7
Each ticket costs $ 9 . How much do 4 tickets cost ?,9 * 4 = 36 #### 36
Josh had 16 marbles in his collection . He lost 7 marbles . How many marbles does he have now ?,16 - 7 = 9 #### 9
"Paul had saved up 3 dollars . If he received another 7 dollars for his allowance , how many 5 dollar toys could he buy ?",( 3 + 7 ) / 5 = 2 #### 2
"There are 7 students in the class and 56 eggs . If the eggs are divided equally among the students , how many does each student get ?",56 / 7 = 8 #### 8
Sean has 45 whistles . He has 32 more whistles that Charles . How many whistles does Charles have ?,45 - 32 = 13 #### 13
The first minute of a telephone call costs 24 cents and each additional minute 13 cents . What is the cost of a 5 minute telephone call ?,24 + 13 * 5 = 89 #### 89
Jill invited 37 people to her birthday party . They each ate 8 pieces of pizza . How many pieces of pizza did they eat ?,37 * 8 = 296 #### 296
There were 27 boys and 35 girls on the playground at recess . How many children were on the playground at recess ?,27 + 35 = 62 #### 62
"Luke was organizing his baseball cards in a binder with 3 on each page . If he had 3 new cards and 9 old cards to put in the binder , how many pages would he use ?",( 3 + 9 ) / 3 = 4 #### 4
There are 2 maple trees and 5 popular trees currently in the park . Park workers will plant 9 maple trees today . How many maple trees will the park have when the workers are finished ?,2 + 9 = 11 #### 11
Sara has saved 11 quarters from washing cars . How many cents does Sara have ?,11 * 25.0 = 275 #### 275
Christine wandered 20 miles at 4 miles per hour . How long did Christine wander ?,20 / 4 = 5 #### 5
It took Amanda 3 hours to stroll to Kimberly 's house at 2 miles per hour . How far is it between Amanda 's house and Kimberly 's house ?,3 * 2 = 6 #### 6
2 toucans are sitting on a tree limb . 1 more toucan joins them . How many toucans in all ?,2 + 1 = 3 #### 3
Paul had 28 strawberries in his basket . He picked 35 more strawberries . How many strawberries did he have then ?,28 + 35 = 63 #### 63
A car company produced 3884 cars in North America and 2871 cars in Europe . How many cars is that in all ?,3884 + 2871 = 6755 #### 6755
"There were 39 girls and 4 boys trying out for the schools basketball team . If only 26 of them got called back , how many students did n't make the cut ?",39 + 4 - 26 = 17 #### 17
"The school cafeteria ordered 8 red apples and 43 green apples for students lunches . But , if only 42 students wanted fruit , how many extra did the cafeteria end up with ?",8 + 43 - 42 = 9 #### 9
"A waiter had 21 customers in his section . If 12 of them left and the rest of his tables had 3 people at each table , how many tables did he have ?",( 21 - 12 ) / 3 = 3 #### 3
For homework Faye had 13 math problems and 2 spelling problems . If she can finish 3 problems in an hour how long will it take her to finish all the problems ?,( 13 + 2 ) / 3 = 5 #### 5
There are 9 pencils and 4 rulers in the drawer . Sally took 4 pencils out of the drawer . How many pencils are there now ?,9 - 4 = 5 #### 5
Tina has 82 bananas . She gets 3 more from Joyce . How many bananas does Tina have in all ?,82 + 3 = 85 #### 85
"Frank had 11 dollars . At the store he spent $ 3 on a new game . If he got another 14 dollars for his allowance , how much money does he have now ?",11 + 14 - 3 = 22 #### 22
"A new building needed 11 windows . The builder had already installed 4 of them . If it takes 8 hours to install each window , how long will it take him to install the rest ?",8 * ( 11 - 4 ) = 56 #### 56
"Kendra made punch for her friend 's birthday party . She used 0.25 gallon of grape juice , 0.38 gallon of cranberry juice , and 0.12 gallon of club soda . How many gallons of punch did Kendra make ?",0.25 + 0.38 + 0.12 = 0.75 #### 0.75
"A new building needed 10 windows . The builder had already installed 6 of them . If it takes 5 hours to install each window , how long will it take him to install the rest ?",5 * ( 10 - 6 ) = 20 #### 20
"Billy was putting his spare change into piles . He had 2 piles of quarters and 3 piles of dimes . If each pile had 4 coins in it , how many coins did he have total ?",4 * ( 2 + 3 ) = 20 #### 20
The clown blew up 47 balloons . Then he blew up 13 more balloons . How many balloons does the clown have now ?,47 + 13 = 60 #### 60
Marie starts with 95 erasers . She loses 42 . How many erasers does Marie end with ?,95 - 42 = 53 #### 53
"There were a total of 8 football games this year , 4 are played at night . Keith missed 4 of the games . How many football games did Keith go to in total ?",8 - 4 = 4 #### 4
Stephanie went to the store 8 times last month . She buys 2 oranges each time she goes to the store . How many oranges did Stephanie buy last month ?,8 * 2 = 16 #### 16
Joan has 8 orange balloons but lost 2 of them . How many orange balloons does Joan have now ?,8 - 2 = 6 #### 6
Joan has 10 books . Tom has 38 books . How many books do they have together ?,10 + 38 = 48 #### 48
"Ellen made smoothies in the blender . She used 0.2 cup of strawberries , 0.1 cup of yogurt , and 0.2 cup of orange juice . How many cups of ingredients did Ellen use for the smoothies ?",0.2 + 0.2 + 0.1 = 0.5 #### 0.5
"Luke was putting his spare change into piles . He had 5 piles of quarters and 5 piles of dimes . If each pile had 3 coins in it , how many coins did he have total ?",3 * ( 5 + 5 ) = 30 #### 30
"In a school , there are 542 girls and 387 boys . How many pupils are there in that school ?",542 + 387 = 929 #### 929
Paco had 93 cookies . Paco ate 15 of them . How many cookies did Paco have left ?,93 - 15 = 78 #### 78
"While playing a video game , Paul scored 3103 points . He and his cousin together have a total of 5816 points . How many points does Paul 's cousin have ?",5816 - 3103 = 2713 #### 2713
Fred has 90 cents in his bank . How many dimes does Fred have ?,90 / 10.0 = 9 #### 9
"At a restaurant each adult meal costs $ 8 and kids eat free . If a group of 11 people came in and 2 were kids , how much would it cost for the group to eat ?",8 * ( 11 - 2 ) = 72 #### 72
"Haley baked 20 cupcakes for her school 's bake sale . If her brother , Todd , ate 11 of them how many packages could she make if she put 3 cupcake in each package ?",( 20 - 11 ) / 3 = 3 #### 3
Keith has 20 books . Jason has 21 books . How many books do they have together ?,20 + 21 = 41 #### 41
"Isabel had 2 pages of math homework and 4 pages of reading homework . If each page had 5 problems on it , how many problems did she have to complete total ?",5 * ( 2 + 4 ) = 30 #### 30
A pet store had 12 siamese cats and 20 house cats . During a sale they sold 20 cats . How many cats do they have left ?,12 + 20 - 20 = 12 #### 12
"In one year , for the election for president there were 76.7 million voters , whereas in the next year there were 129.9 million voters . Find the percentage change in the number of voters ?",( 129.9 - 76.7 ) / 76.7 * 100.0 = 69.4 #### 69.4
"Tori is a school janitor . Last week , she picked up a total of 1576 pieces of trash . If she picked up 344 pieces of trash in the classrooms , how many pieces of trash did Tori pick up outside the classrooms ?",1576 - 344 = 1232 #### 1232
"If a pair of shoes that cost 50 dollars was marked down by 8 % , how much do they cost now ?",50 - 8 * 0.01 * 50 = 46 #### 46
5 boats are in the lake . Each boat has 3 people . How many people are on boats in the lake ?,5 * 3 = 15 #### 15
You have collected 7 crickets . How many more crickets do you need to collect to have 11 crickets ?,11 - 7 = 4 #### 4
Jose wandered 4 kilometers at 2 kilometers per hour . How long did Jose wander ?,4 - 2 = 2 #### 2
"Harry Hound had a terrible earache yesterday . When I peered into his ears yesterday , I found 36 frisky fleas having a party in his right ear and 85 baby fleas sleeping peacefully in his left ear . I cleaned out Harry Hound 's ears . How many fleas perished ?",36 + 85 = 121 #### 121
"Kaleb had saved up 21 dollars . If he received another 15 dollars for his allowance , how many 6 dollar toys could he buy ?",( 21 + 15 ) / 6 = 6 #### 6
At a company picnic 23 managers and 7 employees decided to start a game of volleyball . If they split into 6 teams how many people would be on each team ?,( 23 + 7 ) / 6 = 5 #### 5
Norma starts with 47 bananas . She loses 45 . How many bananas does Norma end with ?,47 - 45 = 2 #### 2
My car gets 20 miles per gallon . How many miles can I drive on 5 gallons of gas ?,20 * 5 = 100 #### 100
Mrs. Snyder made 86 heart cookies . She made 36 red cookies and the rest are pink . How many pink cookies did she make ?,86 - 36 = 50 #### 50
There are 84 leaves . There are 139 ladybugs on each leaf . How many ladybugs are there in all ?,84 * 139 = 11676 #### 11676
There are 6 short bushes and 4 tall trees currently in the park . Park workers had to cut down 2 short bushes that were damaged . How many short bushes will the park have when the workers are finished ?,6 - 2 = 4 #### 4
Nancy has 7 black balloons . Mary has 4 times more black balloons than Nancy . How many black balloons does Mary have now ?,7 * 4 = 28 #### 28
"Wendy bought 4 new chairs and 4 new tables for her house . If she spent 6 minutes on each piece furniture putting it together , how many minutes did it take her to finish ?",6 * ( 4 + 4 ) = 48 #### 48
"For his car , Mike spent $ 118.54 on speakers and $ 106.33 on new tires . Mike wanted 3 CD 's for $ 4.58 but decided not to . In total , how much did Mike spend on car parts ?",118.54 + 106.33 = 224.87 #### 224.87
"While playing a trivia game , Frank answered 3 questions correct in the first half and 2 questions correct in the second half . If each question was worth 3 points , what was his final score ?",3 * ( 3 + 2 ) = 15 #### 15
Lisa starts with 91 bananas . Maria gives Lisa 8 more . How many bananas does Lisa end with ?,91 + 8 = 99 #### 99
Donna weighs 69 pounds . Willie weighs 51 pounds . How much heavier is Donna than Willie ?,69 - 51 = 18 #### 18
"On 3 consecutive passes , a football team gains 9 yards , loses 21 yards , and gains 37 yards . What number represents the total net yardage ?",9 - 21 + 37 = 25 #### 25
There are 43 pencils in the drawer and 19 pencils on the desk . Dan placed 16 more pencils on the desk . How many pencils are now there in total ?,43 + 19 + 16 = 78 #### 78
"Melanie bought a Batman game for $ 6.95 , a strategy game for $ 7.9 , and a Superman game for $ 7.73 . Melanie already owns 4 games . How much did Melanie spend on video games ?",6.95 + 7.9 + 7.73 = 22.58 #### 22.58
"Peter has 3 candies stored in boxes . If there are 3 boxes , how many candies must go in each box ?",3 / 3 = 1 #### 1
A pet store had 102 puppies . In one day they sold 21 of them and put the rest into cages with 9 in each cage . How many cages did they use ?,( 102 - 21 ) / 9 = 9 #### 9
"Billy was organizing his baseball cards in a binder with 5 on each page . If he had 3 new cards and 42 old cards to put in the binder , how many pages would he use ?",( 3 + 42 ) / 5 = 9 #### 9
"Each chocolate bar in a box cost $ 2 . If a box had 13 bars total and Rachel sold all but 4 bars , how much money would she have made ?",2 * ( 13 - 4 ) = 18 #### 18
Anna collects 6 blocks . Anna 's father gives Anna 8 more . How many blocks does Anna have ?,6 + 8 = 14 #### 14
"For a birthday party George bought 10 regular sodas and 22 diet sodas . If his fridge would only hold 4 on each shelf , how many shelves would he fill up ?",( 10 + 22 ) / 4 = 8 #### 8
Kyle jogged 1.12 laps in P.E . class and 2.12 laps during track practice . How many laps did Kyle jog in all ?,1.12 + 2.12 = 3.25 #### 3.25
Ralph starts with 74 peanuts . He loses 59 . How many peanuts does Ralph end with ?,74 - 59 = 15 #### 15
Bruce has 75 eggs . Kimberly has 17 eggs . He loses 70 . How many eggs will Bruce have ?,75 - 70 = 5 #### 5
"Jerry is at the library helping put away books . There are 34 book to put away total but a librarian takes 7 of them and leaves Jerry with the rest . If he can fit 3 books on a shelf , how many shelves will he need ?",( 34 - 7 ) / 3 = 9 #### 9
"Isabella ’ s hair is 18 inches long . If she gets a haircut and now her hair is 9 inches long , how much of Isabella ’ s hair got cut off ?",18 - 9 = 9 #### 9
"At a restaurant each adult meal costs $ 2 and kids eat free . If a group of 9 people came in and 2 were kids , how much would it cost for the group to eat ?",2 * ( 9 - 2 ) = 14 #### 14
A store had 5 oranges in a bin . If they threw away 2 of the old ones and put 28 new ones in the bin how many would be in the bin ?,5 + 28 - 2 = 31 #### 31
"Sam was collecting cans for recycling . On Saturday he filled 4 bags up and on Sunday he filled 3 more bags . If each bag had 6 cans in it , how many cans did he pick up total ?",6 * ( 4 + 3 ) = 42 #### 42
"Jacques earns 8.6 dollars per hour . For each hour over 40 hours he earns 12.9 dollars per hour . If he works 55.5 hours in a week , what pay should he receive ?",8.6 * 40 + 12.9 * ( 55.5 - 40 ) = 543.95 #### 543.95
"Mrs. Hilt baked pies last weekend for a holiday dinner . She baked 16 pecan pies and 14 apples pies . If she wants to arrange all of the pies in rows of 5 pies each , how many rows will she have ?",( 16 + 14 ) / 5 = 6 #### 6
Sandy had 26 pet fish . She bought 6 more fish . How many pet fish does Sandy have now ?,26 + 6 = 32 #### 32
"For a birthday party Tom bought 4 regular sodas and 52 diet sodas . If his fridge would only hold 7 on each shelf , how many shelves would he fill up ?",( 4 + 52 ) / 7 = 8 #### 8
Joan picked 37 oranges and Sara picked 10 oranges . Alyssa picked 30 pears . How many oranges were picked in total ?,37 + 10 = 47 #### 47
Misha has 34 dollars . How many more dollars does she have to earn to have 47 dollars ?,47 - 34 = 13 #### 13
"Kendall is learning to drive , so this weekend she practiced driving 0.17 mile with her mother and another 0.5 mile with her father . How far did Kendall drive in all ?",0.17 + 0.5 = 0.67 #### 0.67
Cody is 14 years old . His grandmother is 6 times as old as he is . How old is Cody ’ s grandmother ?,14 * 6 = 84 #### 84
"Roger had 68 dollars . If he spent 47 bucks on a new game , how many 7 dollar toys could he buy with the money he had left ?",( 68 - 47 ) / 7 = 3 #### 3
Scott has 4 tickets . Ernest has with 9 tickets . Ernest finds another 72 . How many tickets does Ernest end with ?,9 + 72 = 81 #### 81
"Tom had to wash 10 short sleeve shirts and 25 long sleeve shirts before school . If he had only washed 5 of them by the time school started , how many did he not wash ?",10 + 25 - 5 = 30 #### 30
"Roger is at the library helping put away books . There are 14 book to put away total but a librarian takes 2 of them and leaves Roger with the rest . If he can fit 3 books on a shelf , how many shelves will he need ?",( 14 - 2 ) / 3 = 4 #### 4
Ruby has 63 apples . Emily takes 55 away . How many apples will Ruby have ?,63 - 55 = 8 #### 8
"Allyson plays for the cook county regional football league which has 10 teams . During a season , each team plays the other team 2 twice , once at home and one away . How many total games are played in one season ?",10 * ( 10 - 1.0 ) * 2 / 2 = 90 #### 90
A pet store had 36 siamese cats and 18 house cats . During a sale they sold 26 cats . How many cats do they have left ?,36 + 18 - 26 = 28 #### 28
"Amy had 4 music files and 21 video files on her flash drive . If she deleted 23 of the files , how many files were still on her flash drive ?",4 + 21 - 23 = 2 #### 2
Jason has 3 Pokemon cards . Benny bought 2 of Jason 's Pokemon cards . How many Pokemon cards does Jason have now ?,3 - 2 = 1 #### 1
"Jerry was helping the cafeteria workers pick up lunch trays , but he could only carry 8 trays at a time . If he had to pick up 9 trays from one table and 7 trays from another , how many trips will he make ?",( 9 + 7 ) / 8 = 2 #### 2
Sally grew 6 carrots . Fred grew 4 carrots . How many carrots did they grow in all ?,6 + 4 = 10 #### 10
"There are 10 stickers on a page . If you have 22 pages of stickers , how many stickers do you have ?",10 * 22 = 220 #### 220
Emily sprinted to Timothy 's house . It is 10 miles from Emily 's house to Timothy 's house . It took Emily 2 hours to get there . How fast did Emily go ?,10 / 2 = 5 #### 5
Students went to a concert in 8 buses . Each bus took 45 students . How many students went to the concert ?,8 * 45 = 360 #### 360
Robin has 9 packages of gum . There are 15 pieces in each package . How many pieces of gum does Robin have ?,9 * 15 = 135 #### 135
"Rachel bought 7 new chairs and 3 new tables for her house . If she spent 4 minutes on each piece furniture putting it together , how many minutes did it take her to finish ?",4 * ( 7 + 3 ) = 40 #### 40
There are 6 birds and 3 nests . How many more birds are there than nests ?,6 - 3 = 3 #### 3
"Ellen had 2080 Legos , but she lost 17 Legos . How many Legos does she have now ?",2080 - 17 = 2063 #### 2063
"Bianca had 34 songs on her mp3 player . If she deleted 14 old songs from it and then added 44 new songs , how many songs does she have on her mp3 player ?",34 + 44 - 14 = 64 #### 64
"If there are 7 bottle caps in a box and Linda puts 7 more bottle caps inside , how many bottle caps are in the box ?",7 + 7 = 14 #### 14
"Bryan took a look at his books as well . If Bryan has 56 books in each of his 9 bookshelves , how many books does he have in total ?",56 * 9 = 504 #### 504
"A trivia team had 9 members total , but during a game 3 members did n't show up . If each member that did show up scored 2 points , how many points were scored total ?",2 * ( 9 - 3 ) = 12 #### 12
Sean has 223 whistles . He has 95 more whistles that Charles . How many whistles does Charles have ?,223 - 95 = 128 #### 128
"There were 2 friends playing a video game online when 2 more players joined the game . If each player had 8 lives , how many lives did they have total ?",8 * ( 2 + 2 ) = 32 #### 32
"A waiter had 9 tables he was waiting on , with 4 women and 3 men at each table . How many customers total did the waiter have ?",9 * ( 4 + 3 ) = 63 #### 63
Kenji and his classmates placed colored blocks on a scale during a science lab . The yellow block weighed 0.6 pounds and the green block weighed 0.4 pounds . How much more did the yellow block weigh than the green block ?,0.6 - 0.4 = 0.2 #### 0.2
In fourth grade there were 8 students at the start of the year . During the year 5 students left and 8 new students came to school . How many students were in fourth grade at the end ?,8 + 8 - 5 = 11 #### 11
"Sam had 10 socks . If he threw away 3 old ones that did n't fit and bought 36 new ones , how many socks would he have ?",10 + 36 - 3 = 43 #### 43
Benny bought 7 dozen eggs from the grocery store to bake some cakes . How many eggs did Benny buy ?,7 * 12.0 = 84 #### 84
"A pet shelter had 17 puppies when another 55 were brought in . If 8 puppies a day are adopted , how long would it take for all of them to be adopted ?",( 17 + 55 ) / 8 = 9 #### 9
"There were 16 friends playing a video game online when 7 players quit . If each player left had 8 lives , how many lives did they have total ?",8 * ( 16 - 7 ) = 72 #### 72
Mary picked 14 oranges and Jason picked 41 oranges . Keith picked 38 apples . How many oranges were picked in all ?,14 + 41 = 55 #### 55
Mika had 20 stickers . She bought 26 stickers from a store in the mall and got 20 stickers for her birthday . Then Mika gave 6 of the stickers to her sister and used 58 to decorate a greeting card . How many stickers does Mika have left ?,20 + 26 + 20 - ( 6 + 58 ) = 2 #### 2
"Jason went to 11 football games this month . He went to 17 games last month , and plans to go to 16 games next month . How many games will he attend in all ?",11 + 17 + 16 = 44 #### 44
A garden has 52 rows and 15 columns of bean plans . How many plants are there in all ?,52 * 15 = 780 #### 780
Joan had 5 dimes in her bank . She spent 2 of her dimes . How many dimes does she have now ?,5 - 2 = 3 #### 3
Cade had 87 marbles . He gave 8 to Dylan . How many does he have left ?,87 - 8 = 79 #### 79
"Each chocolate bar in a box cost $ 4 . If a box had 8 bars total and Emily sold all but 3 bars , how much money would she have made ?",4 * ( 8 - 3 ) = 20 #### 20
"Lana picked 36 tulips and 37 roses to make flower bouquets . If she only used 70 of the flowers though , how many extra flowers did Lana pick ?",36 + 37 - 70 = 3 #### 3
"Wendy was playing a video game and had 10 lives . In a hard part of the game she lost 6 lives . If she got 37 more lives in the next level , how many lives would she have ?",10 + 37 - 6 = 41 #### 41
"Sam grew 4 watermelons , but the rabbits ate 3 watermelons . How many watermelons does Sam have left ?",4 - 3 = 1 #### 1
"At the beach , Janet and her sister both built sandcastles and then measured their heights . Janet 's sandcastle was 3.67 feet tall and her sister 's was 2.33 feet tall . How much taller was Janet 's sandcastle than her sister 's ?",3.67 - 2.33 = 1.33 #### 1.33
The Spurs basketball team has 22 players . Each player has 11 basketballs . How many basketballs do they have in all ?,22 * 11 = 242 #### 242
"For the school bake sale Maria made 19 cupcakes . If she sold 5 of them and then made 10 more , how many cupcakes would she have ?",19 + 10 - 5 = 24 #### 24
"Jane had been saving large empty cans to serve as pots for sunflowers . If she has 54 sunflower seeds and there are 9 cans , how many seeds will be placed in each can if she places an equal number of seeds in each can ?",54 / 9 = 6 #### 6
"Dan had 97 baseball cards , and 8 were torn . Sam bought 15 of Dan 's baseball cards . How many baseball cards does Dan have now ?",97 - 15 = 82 #### 82
For homework Amy had 18 math problems and 6 spelling problems . If she can finish 4 problems in an hour how long will it take her to finish all the problems ?,( 18 + 6 ) / 4 = 6 #### 6
"Debby had 30 coloring books . If she gave away 7 of them , but then bought 35 more , how many would she have total ?",30 + 35 - 7 = 58 #### 58
"If Charles strolled 6 miles at 3 miles per hour , how long was Charles travelling ?",6 / 3 = 2 #### 2
A group of 3 friends went into a restaurant . The chef already had 8 chicken wings cooked but cooked 10 more for the group . If they each got the same amount how many would each person get ?,( 8 + 10 ) / 3 = 6 #### 6
"There are 7 students in the class and 42 apples . If the apples are divided equally among the students , how many does each student get ?",42 / 7 = 6 #### 6
"On Friday , Sam spent 2 pennies on ice cream . The next day , Sam spent 12 dimes on baseball cards . All in all , how much money did Sam spend ?",2 * 0.01 + 12 * 0.1 = 1.22 #### 1.22
Sandy grew 51 pumpkins . Mike grew 23 pumpkins . How many pumpkins did they grow in total ?,51 + 23 = 74 #### 74
"Robin was making baggies of cookies with 6 cookies in each bag . If she had 23 chocolate chip cookies and 25 oatmeal cookies , how many baggies could she make ?",( 23 + 25 ) / 6 = 8 #### 8
Heather weighs 87 pounds . Emily weighs 9 pounds . Elizabeth weighs 8 pounds . How much heavier is Heather than Emily ?,87 - 9 = 78 #### 78
Ellen went to a garage sale to buy chairs . Each chair is 15 dollars . How much did Ellen spend for the 12 chairs she bought ?,15 * 12 = 180 #### 180
"An oil pipe in the sea broke . Before engineers started to fix the pipe , 6522 liters of oil leaked into the water . While the engineers worked , the pipe leaked 5165 liters of oil . In all , how many liters of oil leaked into the water ?",6522 + 5165 = 11687 #### 11687
"The value of a sport utility vehicle this year is 16000 dollars , which is 0.8 of what its value was last year . Find the value of the vehicle last year .",16000 / 0.8 = 20000 #### 20000
"Ron weighed 2 colored metal balls during a science class . The blue ball weighed 6 pounds and the brown ball weighed 3.12 pounds . If Ron places both balls on the scale at the same time , what will the scale read ?",6 + 3.12 = 9.12 #### 9.12
"Mike went to 15 basketball games this year , but missed 41 . He went to 39 games last year . How many basketball games did Mike go to in total ?",15 + 39 = 54 #### 54
Alyssa has 36 books . Nancy has 7 times more books than Alyssa . How many books does Nancy have ?,36 * 7 = 252 #### 252
Marcus has 210 baseball cards . He has 58 more than Carter . How many baseball cards does Carter have ?,210 - 58 = 152 #### 152
Fred has 40 baseball cards . Keith bought 22 of Fred 's baseball cards . How many baseball cards does Fred have now ?,40 - 22 = 18 #### 18
A pet store had 88 puppies . In one day they sold 34 of them and put the rest into cages with 6 in each cage . How many cages did they use ?,( 88 - 34 ) / 6 = 9 #### 9
Jose has 85 peanuts . Kenya has 48 more than Jose . How many peanuts does Kenya have ?,85 + 48 = 133 #### 133
"There were 7 friends playing a video game online when 2 more players joined the game . If each player had 7 lives , how many lives did they have total ?",7 * ( 7 + 2 ) = 63 #### 63
Zoe was unboxing some of her old winter clothes . She found 8 boxes of clothing and inside each box there were 4 scarves and 6 mittens . How many pieces of winter clothing did Zoe have total ?,8 * ( 4 + 6 ) = 80 #### 80
It takes 4 apples to make 1 pie . How many apples does it take to make 504 pies ?,4 * 504 = 2016 #### 2016
"In a bag there are 13 red marbles , 5 blue marbles , and 7 green marbles . What percent of the marbles are green ?",7 / ( 13 + 5 + 7 ) * 100.0 = 28 #### 28
2 beavers were working on their home . 1 went for a swim . How many beavers are still working on their home ?,2 - 1 = 1 #### 1
There were 44 boys and 53 girls on the playground at recess . How many children were on the playground in all ?,44 + 53 = 97 #### 97
Kyle bought a boat for 4500 dollars . 5 years later he sold it for 3600 dollars . What percent of the purchase price did Kyle lose ?,( 4500 - 3600 ) / 4500 * 100.0 = 20 #### 20
"While shopping for music online , Nancy bought 3 country albums and 5 pop albums . Each album came with a lyric sheet and had 8 songs . How many songs did Nancy buy total ?",8 * ( 3 + 5 ) = 64 #### 64
"Joan bought toy cars for $ 14.88 , a skateboard for $ 4.88 , and got toy trucks for $ 5.86 . She spent $ 14.55 on pants . In total , how much did Joan spend on toys ?",14.88 + 4.88 + 5.86 = 25.62 #### 25.62
Lillian collects 88 candies . Lillian 's father gives Lillian 5 more . How many candies does Lillian have ?,88 + 5 = 93 #### 93
There are 47 orchid bushes currently in the park . Park workers will plant 37 orchid bushes today and 25 orchid bushes tomorrow . It took 35 workers to finish the work . How many orchid bushes will the park have when the workers are finished ?,47 + 37 + 25 = 109 #### 109
Mrs. Sheridan has 11 cats . How many more cats does Mrs. Sheridan need to have 43 cats ?,43 - 11 = 32 #### 32
Brian has 76 cards . Wayne takes 59 away . How many cards will Brian have ?,76 - 59 = 17 #### 17
"A magician was selling magic card decks for 2 dollars each . If he started with 5 decks and by the end of the day he had 3 left , how much money did he earn ?",2 * ( 5 - 3 ) = 4 #### 4
Angela has 11 tickets . Annie gives Angela 4 more . How many tickets does Angela have in all ?,11 + 4 = 15 #### 15
A toy store had 17 giant stuffed bears in stock when they got another shipment with 10 bears in it . The put the bears onto shelves with 9 on each shelf . How many shelves did they use ?,( 17 + 10 ) / 9 = 3 #### 3
The school is planning a field trip . There are 28 students and 7 seats on each school bus . How many buses are needed to take the trip ?,28 / 7 = 4 #### 4
Connie has 2315 red markers and 1028 blue markers . How many markers does she have altogether ?,2315 + 1028 = 3343 #### 3343
Mrs. Hilt needs to share $ 3.75 equally among 3 total people . How much money will each person get ?,3.75 / 3 = 1.25 #### 1.25
"Harry Hound had a terrible earache yesterday . When I peered into his ears yesterday , I found 36 frisky fleas having a party in his right ear and 85 baby fleas sleeping peacefully in his left ear . I cleaned out Harry Hound 's ears . How many fleas perished ?",36 + 85 = 121 #### 121
Craig starts with 5 Skittles . 2 are eaten by a hippopotamus . How many Skittles does Craig end with ?,5 - 2 = 3 #### 3
Warren has 252 guests coming to his party . Each table will hold 4 guests . How many tables will he need ?,252 / 4 = 63 #### 63
"A construction company is repaving a damaged road . So far , they have repaved a total of 4938 inches of the road . Today , they repaved 805 inches of the road . How many inches of the road had they repaved before today ?",4938 - 805 = 4133 #### 4133
Brandon has 96 Skittles . Bonnie has 4 Skittles . He loses 9 . How many Skittles will Brandon have ?,96 - 9 = 87 #### 87
There are 4 cards . 3 cards more are added . How many are there total ?,4 + 3 = 7 #### 7
"Joan has 9 blue balloons , Sally has 5 blue balloons , and Jessica has 2 blue balloons . How many blue balloons do they have in total ?",9 + 5 + 2 = 16 #### 16
"A painter needed to paint 10 rooms in a building . Each room takes 8 hours to paint . If he already painted 8 rooms , how much longer will he take to paint the rest ?",8 * ( 10 - 8 ) = 16 #### 16
"Bianca and her mom were picking carrots from their garden . Bianca picked 26 and her mother picked 15 . If only 16 of the carrots were good , how many bad carrots did they have ?",26 + 15 - 16 = 25 #### 25
"Wendy picked 45 flowers for her friend ’ s wedding . She was making bouquets with 5 flowers in each one . If 35 of the flowers wilted before the wedding , how many bouquets could she still make ?",( 45 - 35 ) / 5 = 2 #### 2
There are 2 bananas in a pile on the desk . Each banana comes in a package of 13 . 7 bananas are added to the pile . How many bananas are there in the pile ?,2 + 7 = 9 #### 9
Kaleb was selling his old games . He started out with 76 but sold 46 of them . He packed the rest up putting 5 games into each box . How many boxes did he have to use ?,( 76 - 46 ) / 5 = 6 #### 6
"A farmer estimates that he will harvest 48097 bushels of wheat . The weather is perfect during the growing season , so he harvests 684 bushels of wheat than expected . How many bushels of wheat does the farmer harvest ?",48097 + 684 = 48781 #### 48781
"Wendy earned 5 points for each bag of cans she recycled . If she had 11 bags , but did n't recycle 2 of them , how many points would she have earned ?",5 * ( 11 - 2 ) = 45 #### 45
"John earned 8 dollars for each lawn he mowed . If he had 15 lawns to mow , but forgot to mow 7 of them , how much money did he actually earn ?",8 * ( 15 - 7 ) = 64 #### 64
"After a party , 0.62 of the cake is left over . That night , big brother eats 0.25 of the cake . How much is left over after that ?",0.62 - 0.25 = 0.38 #### 0.38
Jenny ran 0.6 mile and walked 0.4 mile . How much farther did Jenny run than walk ?,0.6 - 0.4 = 0.2 #### 0.2
"A vase can hold 6 flowers . If you had 7 carnations and 47 roses , how many vases would you need to hold the flowers ?",( 7 + 47 ) / 6 = 9 #### 9
Beka flew 873 miles to visit her aunt . Jackson flew 563 miles to visit his aunt . How many more miles did Beka fly than Jackson ?,873 - 563 = 310 #### 310
Kelly bought 0.1 pounds of peanuts and 0.4 pounds of raisins . How many pounds of snacks did she buy in all ?,0.1 + 0.4 = 0.5 #### 0.5
"Karin 's science class weighed plastic rings for an experiment . They found that the orange ring weighed 0.08 ounce , the purple ring weighed 0.33 ounce , and the white ring weighed 0.42 ounce . What was the total weight of the plastic rings ?",0.08 + 0.33 + 0.42 = 0.83 #### 0.83
"Jessica grew 35 watermelons and 30 carrots , but the rabbits ate 27 watermelons . How many watermelons does Jessica have ?",35 - 27 = 8 #### 8
A restaurant served 7 slices of pie during lunch and 5 during dinner today . It served 8 of them yesterday . How many slices of pie were served today ?,7 + 5 = 12 #### 12
"In a video game , each enemy defeated gives you 8 points . If a level has 7 enemies total and you destroy all but 2 of them , how many points would you earn ?",8 * ( 7 - 2 ) = 40 #### 40
Fred has 40 baseball cards . Keith bought 22 of Fred 's baseball cards . How many baseball cards does Fred have now ?,40 - 22 = 18 #### 18
"Irwin 's family went on a camping trip in the mountains . On the first day , they hiked from their car to the campsite . First , they hiked 0.2 mile from the car to a stream , and 0.4 mile from the stream to a meadow . Then they hiked 0.1 mile from the meadow to the campsite . How many miles did Irwin 's family hike in all ?",0.2 + 0.4 + 0.1 = 0.7 #### 0.7
There were a total of 13 hockey games a month . The season is played for 14 months . How many hockey games are in the seasons ?,13 * 14 = 182 #### 182
A person pays 145.8 dollars for 6 months use of an internet service . How much will 7 months of service cost ?,145.8 / 6 * 7 = 170.1 #### 170.1
"On her vacation last summer , Trisha walked all over New York City to buy souvenirs . First , she walked 0.11 mile from her hotel to a postcard shop . Then she walked 0.11 mile from the postcard shop to a T - shirt shop and 0.67 mile from the T - shirt shop back to the hotel . How many miles did Trisha walk in all ?",0.11 + 0.11 + 0.67 = 0.89 #### 0.89
Lisa rented 4 DVDs for $ 4.8 . How much did each DVD cost to rent ?,4.8 / 4 = 1.2 #### 1.2
"Mary had 18 baseball cards , and 8 were torn . Fred gave Mary 26 new baseball cards . Mary bought 40 baseball cards . How many baseball cards does Mary have now ?",18 + 26 + 40 = 84 #### 84
Shawn has 13 blocks . Mildred has with 2 blocks . Mildred finds another 84 . How many blocks does Mildred end with ?,2 + 84 = 86 #### 86
"A cell phone company has a total of 7422 customers across the world . If 723 of its customers live in the United States , how many of its customers live in other countries ?",7422 - 723 = 6699 #### 6699
There are 96 cupcakes for 8 children to share . How much will each person get if they share the cupcakes equally ?,96 / 8 = 12 #### 12
There are 55 oranges in a box . Deborah has 11 oranges in a bag . Susan takes 35 oranges out of the box . How many oranges are left in the box ?,55 - 35 = 20 #### 20
Mary had 8 potatoes in the garden . The rabbits ate 3 of the potatoes . How many potatoes does Mary now have ?,8 - 3 = 5 #### 5
Mrs. Hilt wants to make a border around her garden . She needs 125 rocks to complete the border . She has 64 rocks . How many more rocks does she need to complete the border ?,125 - 64 = 61 #### 61
We ordered 21 pizzas . Each pizza has 8 slices . How many slices of pizza are there altogether ?,21 * 8 = 168 #### 168
Adolfo made a tower with 35 blocks . He added some more blocks and now he has 65 blocks . How many did he have to add ?,65 - 35 = 30 #### 30
"The school cafeteria had 38 apples . If they used 20 to make lunch for the students and then bought 28 more , how many apples would they have ?",38 + 28 - 20 = 46 #### 46
"Katie picked 3 tulips and 9 roses to make flower bouquets . If she only used 10 of the flowers though , how many extra flowers did Katie pick ?",3 + 9 - 10 = 2 #### 2
"April 's discount flowers was having a sale where each flower was 3 dollars . If Emily bought 2 roses and 2 daisies , how much did she spend ?",3 * ( 2 + 2 ) = 12 #### 12
Bert runs 2 miles every day . How many miles will Bert run in 3 weeks ?,2 * ( 3 * 7.0 ) = 42 #### 42
Marilyn starts with 51 bottle caps . She shares 36 with Nancy . How many bottle caps does Marilyn end with ?,51 - 36 = 15 #### 15
Jason has 43 blue and 16 red marbles . Tom has 24 blue marbles . How many blue marbles do they have in all ?,43 + 24 = 67 #### 67
"There are 17 students trying out for the school 's trivia teams . If 5 of them did n't get picked for the team and the rest were put into 3 groups , how many students would be in each group ?",( 17 - 5 ) / 3 = 4 #### 4
"On a recent trip to CA , we averaged 50 miles per hour . On the return trip we averaged 60 miles per hour . Determine the average speed of the trip to CA and back .",( 50 + 60 ) / 2.0 = 54.55 #### 54.55
"While playing a trivia game , Adam answered 8 questions correct in the first half and 2 questions correct in the second half . If each question was worth 8 points , what was his final score ?",8 * ( 8 + 2 ) = 80 #### 80
29 birds were sitting in a tree . Some more fly up to the tree . Then there were 42 birds in the tree . How many more flew up to the tree ?,42 - 29 = 13 #### 13
A car traveled 715 kilometers in 11 hours . What was its average speed ?,715 / 11 = 65 #### 65
"Terrell hiked 8.2 miles on Saturday . Then , on Sunday , he hiked another 1.6 miles . How far did Terrell hike all together ?",8.2 + 1.6 = 9.8 #### 9.8
A pet supply store has 600 bags of dog food and 327 bags of cat food . How many more bags of dog food are there than cat food ?,600 - 327 = 273 #### 273
"Keith spent $ 6.51 on a rabbit toy , $ 5.79 on pet food , and a cage cost him $ 12.51 . He found a dollar bill on the ground . What was the total cost of Keith 's purchases ?",6.51 + 5.79 + 12.51 = 24.81 #### 24.81
"At a pie - eating contest , Erik got through 0.67 pie before time was called ; Frank finished just 0.33 pie . How much more pie did Erik eat than Frank ?",0.67 - 0.33 = 0.33 #### 0.33
"Sally paid $ 12.32 total for peaches , after a 3 dollar coupon , and $ 11.54 for cherries . In total , how much money did Sally spend ?",12.32 + 11.54 = 23.86 #### 23.86
"A teacher had 34 worksheets to grade . If she graded 7 , but then another 36 were turned in , how many worksheets would she have to grade ?",34 + 36 - 7 = 63 #### 63
"A waiter had 9 tables he was waiting on , with 2 women and 6 men at each table . How many customers total did the waiter have ?",9 * ( 2 + 6 ) = 72 #### 72
"While playing at the arcade , Ned won 26 tickets playing ' whack a mole ' and 19 tickets playing ' skee ball ' . If he was trying to buy candy that cost 9 tickets a piece , how many could he buy ?",( 26 + 19 ) / 9 = 5 #### 5
"As part of a lesson on earthquakes , a science class is researching the movement of a nearby fault line . The fault line moved 1.25 inches during the past year and 5.25 inches the year before . How far did the fault line move in all ?",1.25 + 5.25 = 6.5 #### 6.5
The school is planning a field trip . There are 9 students and 3 seats on each school bus . How many buses are needed to take the trip ?,9 / 3 = 3 #### 3
Lukas averages 12 points per game in basketball . How many points would he score in 5 games ?,12 * 5 = 60 #### 60
"Mike had 15 video games but 9 of them were n't working . If he wanted to sell the working games for $ 5 each , how much money could he earn ?",5 * ( 15 - 9 ) = 30 #### 30
"Tom bought 40 tickets at the state fair . He spent 28 tickets at the ' dunk a clown ' booth and decided to use the rest on rides . If each ride cost 4 tickets , how many rides could he go on ?",( 40 - 28 ) / 4 = 3 #### 3
In March it rained 0.81 inches . It rained 0.35 inches less in April than in March . How much did it rain in April ?,0.81 - 0.35 = 0.46 #### 0.46
There were 150 book shelves . Each book shelf had 15 books . How many books were on the shelves ?,150 * 15 = 2250 #### 2250
Maria has 3 boxes of eggs . Each box holds 7 eggs and there are 8 boxes in a case . How many eggs does Maria have ?,3 * 7 = 21 #### 21
Albert has 9 bottle caps . Anne has with 10 bottle caps . Anne finds another 5 . How many bottle caps does Anne end with ?,10 + 5 = 15 #### 15
A carpenter bought a piece of wood that was 0.41 meters long . Then she sawed 0.33 meters off the end . How long is the piece of wood now ?,0.41 - 0.33 = 0.08 #### 0.08
Connie has 41 red markers and 64 blue markers . How many markers does she have altogether ?,41 + 64 = 105 #### 105
"Katie was selling her necklaces at a garage sale . She sold 4 bead necklaces and 3 gem stone necklaces . If each necklace cost 3 dollars , how much money did she earn ?",3 * ( 4 + 3 ) = 21 #### 21
Sandy had 36 pennies and 31 nickels in her bank . Her dad borrowed 20 nickels from Sandy . How many nickels does she have now ?,31 - 20 = 11 #### 11
"If Madison sold 24 boxes of Tagalongs , how many cases of 12 boxes does Madison pickup from the cookie mom ?",24 / 12 = 2 #### 2
Jessica had 8 quarters in her bank . Her sister borrowed 3 of her quarters . How many quarters does Jessica have now ?,8 - 3 = 5 #### 5
"Molly owns the Wafting Pie Company . This morning , her employees used 816 eggs to bake pumpkin pies . If her employees used a total of 1339 eggs today , how many eggs did they use in the afternoon ?",1339 - 816 = 523 #### 523
"Ruby has 36 candies and 6 bananas . If she shares the candies among 9 friends , how many candies does each friend get ?",36 / 9 = 4 #### 4
Jason has 18 books and he has read 9 of them . Mary has 42 books . How many books do they have together ?,18 + 42 = 60 #### 60
"April 's discount flowers was having a sale where each flower was 8 dollars . If Vanessa bought 3 roses and 3 daisies , how much did she spend ?",8 * ( 3 + 3 ) = 48 #### 48
Haley uploaded 65 pictures to Facebook . She put 17 pics into one album and put the rest into 6 different albums . How many pictures were in each album ?,( 65 - 17 ) / 6 = 8 #### 8
"There were 105 parents in the program and 698 pupils , too . How many people were present in the program ?",105 + 698 = 803 #### 803
"Emily had 7 coloring books . If she gave away 2 of them , but then bought 14 more , how many would she have total ?",7 + 14 - 2 = 19 #### 19
Jeffrey wants to split a collection of bottle caps into groups of 2 . Jeffrey has 12 bottle caps . How many groups will be created ?,12 / 2 = 6 #### 6
Nancy has saved 1 dozen quarters from washing cars . How much money does Nancy have ?,12.0 * 0.25 = 3 #### 3
It took Katherine 3 hours to run to Louis 's house at 8 miles per hour . How far is it between Katherine 's house and Louis 's house ?,3 * 8 = 24 #### 24
"On 3 consecutive passes , a football team gain 7 yards , loses 31 yards , gains 24 yards . What number represents the total net net yardage ?",7 - 31 + 24 = 0 #### 0
"Jason went to the mall on Saturday to buy clothes . He spent $ 14.28 on shorts and $ 4.74 on a jacket . In total , how much money did Jason spend on clothing ?",14.28 + 4.74 = 19.02 #### 19.02
Sara goes fishing with Melanie . Sara catches 5 trout . Melanie catches 2 times as many trout as Sara . How many trout did Melanie catch ?,5 * 2 = 10 #### 10
Carlos has 58 blocks . He gives 21 to Rachel . How many blocks will Carlos have ?,58 - 21 = 37 #### 37
"For a birthday party Jerry bought 41 regular sodas and 22 diet sodas . If his fridge would only hold 9 on each shelf , how many shelves would he fill up ?",( 41 + 22 ) / 9 = 7 #### 7
A DVD book holds 126 DVDs . There are 81 DVDs already in the book . How many more DVDs can be put in the book ?,126 - 81 = 45 #### 45
Alyssa 's cat had 8 kittens and 8 had spots . She gave 4 to her friends . How many kittens does she now have ?,8 - 4 = 4 #### 4
Gordon bought 3.42 pounds of fruit for a class party . The class ate 2.2 pounds of the fruit . How much fruit is ?,3.42 - 2.2 = 1.22 #### 1.22
A petri dish originally contained 600 bacteria . A scientist let the bacteria grow and now there are 8917 of them . How many more bacteria are there now ?,8917 - 600 = 8317 #### 8317
Jason grew 37 watermelons and 30 pumpkins . Sandy grew 11 watermelons . How many watermelons did they grow in total ?,37 + 11 = 48 #### 48
Tom was at the beach for 5 days and found 7 seashells every day . How many seashells did Tom find during the beach trip ?,5 * 7 = 35 #### 35
"There was a stack of 700 sheets of used paper . Lexie wants to place it in boxes for recycling . If every box can contain 100 sheets , how many boxes does Lexie need ?",700 / 7.0 = 7 #### 7
Brenda wants to split a collection of erasers into groups of 90 . Brenda has 270 erasers . How many groups will be created ?,270 / 90 = 3 #### 3
"There school 's baseball team had 12 new players and 44 returning players . If the coach put them into groups with 8 players in each group , how many groups would there be ?",( 12 + 44 ) / 8 = 7 #### 7
"Each child has 5 bottle caps . If there are 9 children , how many bottle caps are there in total ?",5 * 9 = 45 #### 45
"While on vacation , Rachel took 6 pictures at the zoo and 9 at the museum . If she later deleted 11 of the pictures , how many pictures from her vacation did she still have ?",6 + 9 - 11 = 4 #### 4
"One recipe calls for 0.25 teaspoon vanilla , and a second recipe requires for 0.5 teaspoon vanilla , and a third recipe calls for 0.12 teaspoon vanilla . How much vanilla is required to make all 3 recipes , in teaspoons ?",0.25 + 0.5 + 0.12 = 0.88 #### 0.88
On the first day of the week Pat had 39 stickers . Pat earned 22 more during the week . How many stickers did Pat have at the end of the week ?,39 + 22 = 61 #### 61
Gumballs come in packages of 5 . Nathan ate 20 gumballs . How many whole boxes did he eat and how many gumballs does he have left ?,20 / 5 = 4 #### 4
There are 41 pencils in the drawer . Mike placed 30 pencils in the drawer . How many pencils are now there in total ?,41 + 30 = 71 #### 71
"Tom bought 12 boxes of chocolate candy and gave 7 to his little brother . If each box has 6 pieces inside it , how many pieces did Tom still have ?",6 * ( 12 - 7 ) = 30 #### 30
Gwen bought two coloring books . One had 10 pictures and the other had 39 . After one week she had already colored 13 of the pictures . How many pictures does she still have to color ?,10 + 39 - 13 = 36 #### 36
Joan 's cat had 8 kittens . She gave 2 to her friends . How many kittens does she have now ?,8 - 2 = 6 #### 6
"On a hot day , Sam poured 1 bucket of water into a plastic wading pool . A few minutes later he added another 8.8 buckets . How much water did Sam pour into the pool ?",1 + 8.8 = 9.8 #### 9.8
"There are 30 candies in Kathy 's candy collection . If the candies are organized into 10 groups , how big is each group ?",30 / 10 = 3 #### 3
Randy has 78 blocks . He uses 19 blocks to build a tower . How many blocks are left ?,78 - 19 = 59 #### 59
Megan had 217 markers . Robert gave her 109 more markers . How many markers does Megan have altogether ?,217 + 109 = 326 #### 326
"A furniture store has a chair , originally priced at 78 dollars , on sale for 46 dollars . What is the percent of decrease , rounded to the nearest tenth ?",( 78 - 46 ) / 78 * 100.0 = 41 #### 41
There are 39 dogwood trees currently in the park . Park workers will plant 41 more dogwood trees today and 20 more dogwood trees tomorrow . How many dogwood trees will the park have when the workers are finished ?,39 + 41 + 20 = 100 #### 100
Diana starts with 65 bottle caps . 4 are eaten by a hippopotamus . How many bottle caps does Diana end with ?,65 - 4 = 61 #### 61
Sally had 8 pennies and 7 nickels in her bank . Her dad gave her 9 nickels and her mother gave her 2 nickels . How many nickels does Sally have now ?,7 + 9 + 2 = 18 #### 18
"A construction company ordered 0.17 ton of concrete , 0.17 ton of bricks , and 0.5 ton of stone . How many tons of material did the company order in all ?",0.17 + 0.17 + 0.5 = 0.83 #### 0.83
Tim has 44 books . Sam has 52 books . How many books do they have together ?,44 + 52 = 96 #### 96
"For Halloween Debby and her sister combined the candy they received . Debby had 32 pieces of candy while her sister had 42 . If they ate 35 pieces the first night , how many pieces do they have left ?",32 + 42 - 35 = 39 #### 39
"Isha ’ s pencil is 12 cubes long . If she gets another pencil that is 12 cubes long , how many cubes long are both pencils ?",12 + 12 = 24 #### 24
"A chef needs to cook 16 potatoes . He has already cooked 7 . If each potato takes 5 minutes to cook , how long will it take him to cook the rest ?",5 * ( 16 - 7 ) = 45 #### 45
A candy store has 6 boxes of chocolates . Each box has 500 pieces . How many pieces are there altogether in the boxes ?,6 * 500 = 3000 #### 3000
"Debby 's class is going on a field trip to the zoo . If each van can hold 9 people and there are 40 students and 14 adults going , how many vans will they need ?",( 40 + 14 ) / 9 = 6 #### 6
"At the fair there were 10 people in line for the bumper cars . If 2 of them got tired of waiting and left and 2 more got in line , how many people would be in line ?",10 + 2 - 2 = 10 #### 10
"Katie uploaded 30 pictures from her phone and 51 from her camera to facebook . If she sorted the pics into 9 different albums with the same amount of pics in each album , how many pictures were in each of the albums ?",( 30 + 51 ) / 9 = 9 #### 9
In fourth grade there were 33 students at the start of the year . During the year 18 students left and 14 new students came to school . How many students were in fourth grade at the end ?,33 + 14 - 18 = 29 #### 29
Jose strolled to Jane 's house . It is 24 miles from Jose 's house to Jane 's house . It took Jose 12 hours to get there . How fast did Jose go ?,24 / 12 = 2 #### 2
6 students were sitting at each table in the lunchroom . There are 34 tables . How many students were sitting in the lunchroom ?,6 * 34 = 204 #### 204
For Halloween Haley scored 33 pieces of candy . She ate 17 pieces the first night and then her sister gave her 19 more pieces . How many pieces of candy does Haley have now ?,33 + 19 - 17 = 35 #### 35
Lemon heads come in packages of 6 . Louis ate 54 Lemon Heads . How many whole boxes did he eat and how many Lemon Heads does he have left ?,54 / 6 = 9 #### 9
"If Benjamin strolled 14 miles at 2 miles per hour , how long was Benjamin travelling ?",14 / 2 = 7 #### 7
"Joe has 45 oranges that must be put away in boxes . Daniel comes to help and brings 16 cookies to share with Joe . If there are 9 boxes , how many oranges must go in each box ?",45 / 9 = 5 #### 5
Brad has 17 balloons . 8 balloons are red and the rest are green . How many green balloons does Brad have ?,17 - 8 = 9 #### 9
Tim had 50 cents . He paid 45 cents for a candy bar . How much change will he get ?,50 - 45 = 5 #### 5
"Sarah sold 24 boxes of Lemon Chalet Cremes . How many cases of 12 boxes , plus extra boxes does Sarah need ?",24 / 12 = 2 #### 2
Evelyn starts with 76 Skittles . She shares 72 with Christine . How many Skittles does Evelyn end with ?,76 - 72 = 4 #### 4
"Clarence has 5 oranges . He gets 3 more from Joyce . Later , Clarence buys 9 Skittles at the store . How many oranges does Clarence have in all ?",5 + 3 = 8 #### 8
Juan ran 80 miles at 10 miles per hour . How long did Juan run ?,80 / 10 = 8 #### 8
"Jerry had 60 pieces of clothing to wash . He put 40 of them in one load , but decided to split the rest into 5 equal loads . How many pieces of clothing could go in each of the small loads ?",( 60 - 40 ) / 5 = 4 #### 4
"In Shannon 's apartment complex , 0.17 the apartments are one - bedroom apartments and 0.33 are two - bedroom apartments . What fraction of the apartments are either 1 - or two - bedroom apartments ?",0.17 + 0.33 = 0.5 #### 0.5
"Kristi jogged for 0.6 of an hour , swam for 0.5 of an hour , and rode her bicycle for 0.75 of an hour . How long did she exercise ?",0.6 + 0.5 + 0.75 = 1.85 #### 1.85
"Lori has 30 marbles . If she shares them among 5 friends , how many marbles does each friend get ?",30 / 5 = 6 #### 6
The town of Milburg has 5256 grown - ups and 2987 children . How many people live in Milburg ?,5256 + 2987 = 8243 #### 8243
"At the schools book fair Sam bought 13 adventure books and 17 mystery books . If 15 of the books were used , how many new books did he buy ?",13 + 17 - 15 = 15 #### 15
There are 2 rose bushes currently in the park . Park workers will plant 4 more rose bushes today . How many rose bushes will the park have when the workers are finished ?,2 + 4 = 6 #### 6
"Diane has 37 crayons . She gets 5 more from Frances . Later , Diane buys 16 cards at the store . How many crayons does Diane have in all ?",37 + 5 = 42 #### 42
"Katie had 7 pages of math homework and 3 pages of reading homework . If each page had 9 problems on it , how many problems did she have to complete total ?",9 * ( 7 + 3 ) = 90 #### 90
Paul had 42 strawberries in his basket . He picked 78 more strawberries . How many strawberries did he have then ?,42 + 78 = 120 #### 120
"Fred went to 36 basketball games this year , but missed 35 . He went to 11 games last year . How many basketball games did Fred go to in total ?",36 + 11 = 47 #### 47
"Sam was collecting cans for recycling . On Saturday he filled 3 bags up and on Sunday he filled 4 more bags . If each bag had 9 cans in it , how many cans did he pick up total ?",9 * ( 3 + 4 ) = 63 #### 63
A restaurant made 9 hamburgers to serve during lunch . Only 3 were actually served . How many hamburgers were over from lunch ?,9 - 3 = 6 #### 6
"Rachel was organizing her book case making sure each of the shelves had exactly 9 books on it . If she had 6 shelves of mystery books and 2 shelves of picture books , how many books did she have total ?",9 * ( 6 + 2 ) = 72 #### 72
"A chef needs to cook 15 potatoes . He has already cooked 6 . If each potato takes 8 minutes to cook , how long will it take him to cook the rest ?",8 * ( 15 - 6 ) = 72 #### 72
"While shopping , Emily bought 5 green towels and 30 white towels . If she gave her mother 26 of them , how many towels did Emily end up with ?",5 + 30 - 26 = 9 #### 9
"They entered the circus tent and saw that there are 4 sections for the audience . If each section can accommodate 246 people , how many people can the tent accommodate in total ?",4 * 246 = 984 #### 984
"The school cafeteria ordered 42 red apples and 7 green apples for students lunches . But , if only 9 students wanted fruit , how many extra did the cafeteria end up with ?",42 + 7 - 9 = 40 #### 40
"Joan picked 43 apples from the orchard , and gave 27 apples to Melanie . How many apples does Joan have now ?",43 - 27 = 16 #### 16
Maggi had 3 packages of cupcakes . There are 4 cupcakes in each package . She ate 5 cupcakes . How many are left ?,3 * 4 = 12 #### 12
William starts with 15 tickets . He buys 3 more . How many tickets does William end with ?,15 + 3 = 18 #### 18
"Each day , the polar bear at Richmond 's zoo eats 0.2 bucket of trout and 0.4 bucket of salmon . How many buckets of fish does the polar bear eat daily ?",0.2 + 0.4 = 0.6 #### 0.6
"There are 35 bottle caps in Beverly 's bottle cap collection . If the bottle caps are organized into 7 groups , how big is each group ?",35 / 7 = 5 #### 5
"For Halloween Emily received 5 pieces of candy from neighbors and 13 pieces from her older sister . If she only ate 9 pieces a day , how long would the candy last her ?",( 5 + 13 ) / 9 = 2 #### 2
Professor Ellison weighed 2 pieces of metal for an experiment . The piece of iron weighed 11.17 pounds and the piece of aluminum weighed 0.83 pound . How much more did the piece of iron weigh than the piece of aluminum ?,11.17 - 0.83 = 10.33 #### 10.33
"A vase can hold 5 flowers . If you had 6 carnations and 19 roses , how many vases would you need to hold the flowers ?",( 6 + 19 ) / 5 = 5 #### 5
There are 2 bananas in a pile on the desk . Each banana comes in a package of 17 . 7 bananas are added to the pile . How many bananas are there in the pile ?,2 + 7 = 9 #### 9
"For the school bake sale Bianca made 14 cupcakes . If she sold 6 of them and then made 17 more , how many cupcakes would she have ?",14 + 17 - 6 = 25 #### 25
"For Halloween Janet and her sister combined the candy they received . Janet had 34 pieces of candy while her sister had 33 . If they ate 4 pieces the first night , how many pieces do they have left ?",34 + 33 - 4 = 63 #### 63
"Roger was putting his spare change into piles . He had 3 piles of quarters and 3 piles of dimes . If each pile had 7 coins in it , how many coins did he have total ?",7 * ( 3 + 3 ) = 42 #### 42
"There are 5 people on the Green Bay High track team . If a relay race is 150 meters long , how far will each team member have to run ?",150 / 5 = 30 #### 30
"A physician 's assistant measures a child and finds that his h8 is 41.5 inches . At his last visit to the doctor 's office , the child was 38.5 inches tall . How much did the child grow , in inches ?",41.5 - 38.5 = 3 #### 3
Sara had 100 pennies and 783 quarters in her bank . Her dad borrowed 271 quarters from Sara . How many quarters does she have now ?,783 - 271 = 512 #### 512
"A company invited 47 people to a luncheon , but 7 of them did n't show up . If the tables they had held 5 people each , how many tables do they need ?",( 47 - 7 ) / 5 = 8 #### 8
A clothing store offers a 20 % discount on all purchases . How much would a shopper pay for an item originally costing 21 dollars dollars ?,21 - 20 * 0.01 * 21 = 16.8 #### 16.8
"Jessica , Sandy , and Jason each have 8 pencils . How many pencils do they have have in all ?",3.0 * 8 = 24 #### 24
"Shelby ’ s teacher gives out gold stars for great math work . Yesterday , Shelby earned 4 gold stars . Today , she earned 3 more . How many gold stars did Shelby earn in all ?",4 + 3 = 7 #### 7
Clarence has 99 tickets . He gives 7 to Eugene . How many tickets will Clarence have ?,99 - 7 = 92 #### 92
Harry is inviting 3 friends to a party . He has 12 cookies . How many cookies will each friend get ?,12 / 3 = 4 #### 4
"Faye and her mom were picking carrots from their garden . Faye picked 23 and her mother picked 5 . If only 12 of the carrots were good , how many bad carrots did they have ?",23 + 5 - 12 = 16 #### 16
"Nina did a running drill to get in shape for soccer season . First , Nina ran 0.08 mile . Then she ran 0.08 mile and 0.67 mile . How many miles did Nina run in total ?",0.08 + 0.08 + 0.67 = 0.83 #### 0.83
Jesse ’ s room is 12 feet long and 8 feet wide . How much carpet does she need to cover the whole floor ?,12 * 8 = 96 #### 96
"Sam found 35 seashells on the beach , he gave Joan 18 of the seashells . How many seashells does he now have ?",35 - 18 = 17 #### 17
"There were 2 friends playing a video game online when 2 more players joined the game . If each player had 6 lives , how many lives did they have total ?",6 * ( 2 + 2 ) = 24 #### 24
"Ned bought 14 boxes of chocolate candy and gave 7 to his little brother . If each box has 6 pieces inside it , how many pieces did Ned still have ?",6 * ( 14 - 7 ) = 42 #### 42
Mike has 45 dollars in 5 dollar bills . How many five dollars bills does he have ?,45 / 5 = 9 #### 9
"There were originally 20817 houses in Lincoln County . During a housing boom , developers built 97741 . How many houses are there now in Lincoln County ?",20817 + 97741 = 118558 #### 118558
3 owls were sitting on the fence . 2 more owls joined them . How many owls are on the fence now ?,3 + 2 = 5 #### 5
Joan has 9 blue balloons but lost 2 of them . How many blue balloons does Joan have now ?,9 - 2 = 7 #### 7
"Sam grew 4 watermelons , but the rabbits ate 3 watermelons . How many watermelons does Sam have ?",4 - 3 = 1 #### 1
"Tom found 15 seashells and Fred found 43 seashells on the beach . When they cleaned them , they discovered that 29 were cracked . How many seashells did they find together ?",15 + 43 = 58 #### 58
Barbara has 9 candies . She buys 18 more . How many candies does Barbara have in all ?,9 + 18 = 27 #### 27
"Jane ’ s mom picked cherry tomatoes from their backyard . If she gathered 56 cherry tomatoes and is about to place them in small jars which can contain 8 cherry tomatoes at a time , how many jars will she need ?",56 / 8 = 7 #### 7
Tim found 679 seashells and 110 starfish on the beach . He gave 172 of the seashells to Sara . How many seashells does Tim now have ?,679 - 172 = 507 #### 507
"The total number of students absent from B. Jones High School on a Monday after a significant snow fall was 218 . The total attendance that day was 1487 . How many students , in total , attend B. Jones High School ?",218 + 1487 = 1705 #### 1705
Karen has 639 crayons . Cindy has 504 crayons . How many more crayons does Karen have than Cindy ?,639 - 504 = 135 #### 135
"Dave was helping the cafeteria workers pick up lunch trays , but he could only carry 9 trays at a time . If he had to pick up 17 trays from one table and 55 trays from another , how many trips will he make ?",( 17 + 55 ) / 9 = 8 #### 8
"Chloe was playing a video game where she scores 9 points for each treasure she finds . If she found 6 treasures on the first level and 3 on the second , what would her score be ?",9 * ( 6 + 3 ) = 81 #### 81
Edward was selling his old games . He started out with 35 but sold 19 of them . He packed the rest up putting 8 games into each box . How many boxes did he have to use ?,( 35 - 19 ) / 8 = 2 #### 2
Kylie was collecting coins . She got 15 coins from her piggy bank and 13 coins from her brother . Her father gave Kylie 8 coins . Kylie gave 21 of the coins to her friend Laura . How many coins did Kylie have left ?,15 + 13 + 8 - 21 = 15 #### 15
"I have 224 cents to buy candy . If each piece of bulk candy costs 8 cents , how many gumdrops can I buy ?",224 / 8 = 28 #### 28
"Frank made 5 dollars mowing lawns and 58 dollars weed eating . If he only spent 7 dollar a week , how long would the money last him ?",( 5 + 58 ) / 7 = 9 #### 9
There are 31 calories in a candy bar . How many calories are there in 11 candy bars ?,31 * 11 = 341 #### 341
"Maria picked 48 carrots from her garden . If she threw out 11 of them and then picked 15 more the next day , how many carrots would she have total ?",48 + 15 - 11 = 52 #### 52
"A magician was selling magic card decks for 5 dollars each . If he started with 14 decks and by the end of the day he had 5 left , how much money did he earn ?",5 * ( 14 - 5 ) = 45 #### 45
Mike picked 123 oranges and Melanie picked 104 oranges . Fred picked 130 apples . How many oranges were picked in total ?,123 + 104 = 227 #### 227
A spaceship traveled 0.5 light - year from Earth to Planet X and 0.1 light - year from Planet X to Planet Y . Then it traveled 0.1 light - year from Planet Y back to Earth . How many light - years did the spaceship travel in all ?,0.5 + 0.1 + 0.1 = 0.7 #### 0.7
"John made 6 dollars mowing lawns and 18 dollars weed eating . If he only spent 3 dollar a week , how long would the money last him ?",( 6 + 18 ) / 3 = 8 #### 8
For Halloween Bianca received 78 pieces of candy . She ate 30 pieces then placed the rest into piles with 8 in each pile . How many piles could she make ?,( 78 - 30 ) / 8 = 6 #### 6
"Sandy went to the mall to buy clothes . She spent $ 13.99 on shorts , $ 12.14 on a shirt , and $ 7.43 on a jacket . How much money did Sandy spend on clothes ?",13.99 + 12.14 + 7.43 = 33.56 #### 33.56
63 people are going to the zoo . There are 3 cars to take people to the zoo . How many will go in each car if the same number go in each car ?,63 / 3 = 21 #### 21
Jason grew 32 watermelons and 22 cantelopes . Dan grew 31 watermelons . How many watermelons did they grow in total ?,32 + 31 = 63 #### 63
Sam has 86 yellow and 20 green marbles . Joan took 25 of Sam 's yellow marbles . How many yellow marbles does Sam now have ?,86 - 25 = 61 #### 61
Joan grew 8 watermelons and 4 turnips . Tom grew 9 watermelons . How many watermelons did they grow in total ?,8 + 9 = 17 #### 17
"Isabel baked 3 brownies , but needed 5 total for her party . If she used 5 cups of flour on each one , how much cups of flour does she still need ?",5 * ( 5 - 3 ) = 10 #### 10
"Mike is at the library helping put away books . There are 82 book to put away total but a librarian takes 10 of them and leaves Mike with the rest . If he can fit 9 books on a shelf , how many shelves will he need ?",( 82 - 10 ) / 9 = 8 #### 8
Nancy found 35 seashells and 25 starfish on the beach . She gave 17 of the seashells to Jason . How many seashells does Nancy now have ?,35 - 17 = 18 #### 18
You have 24 cookies and want to share them equally with 6 people . How many cookies would each person get ?,24 / 6 = 4 #### 4
"Benny goes to lunch with Sally and Sandy . The total bill came to 15 dollars . They decided to equally split up the bill , how much will each person have to pay ?",15 / 3.0 = 5 #### 5
Kelly had 56 apples . How many more apples does Kelly need to pick to have 105 apples altogether ?,105 - 56 = 49 #### 49
The school is planning a field trip . There are 45 students and 9 seats on each school bus . How many buses are needed to take the trip ?,45 / 9 = 5 #### 5
"Carson ’ s teacher gives out gold stars for great math work . Yesterday , Carson earned 6 gold stars . Today , he earned 9 more . How many gold stars did Carson earn in all ?",6 + 9 = 15 #### 15
If Norma wandered for 5 hours at 3 miles per hour . How far did Norma go ?,5 * 3 = 15 #### 15
"Tom bought 14 boxes of chocolate candy and gave 8 to his little brother . If each box has 3 pieces inside it , how many pieces did Tom still have ?",3 * ( 14 - 8 ) = 18 #### 18
"A waiter had 14 customers to wait on . If 3 customers left and he got another 39 customers , how many customers would he have ?",14 + 39 - 3 = 50 #### 50
"A treasure hunter discovered a buried treasure chest filled with a total of 5155 gems . 45 of the gems were diamonds , and the rest were rubies . How many of the gems were rubies ?",5155 - 45 = 5110 #### 5110
"Jazmin had 1209 dolls and Geraldine had 2186 dolls . If they put their dolls together , how many would they have ?",1209 + 2186 = 3395 #### 3395
For the school bake sale Wendy made pastries . She baked 4 cupcakes and 29 cookies . After the sale she had 24 to take back home . How many pastries did she sell ?,4 + 29 - 24 = 9 #### 9
Joan decided to sell all of her old books . She gathered up 33 books to sell . She sold 26 books in a yard sale . How many books does Joan now have ?,33 - 26 = 7 #### 7
"Jenny sold 24 boxes of Trefoils . How many cases of 8 boxes , plus extra boxes does Jenny need to deliver ?",24 / 8 = 3 #### 3
George was working as a sacker at a grocery store where he made 5 dollars an hour . On Monday he worked 7 hours and on Tuesday he worked 2 hours . How much money did George make in those two days ?,5 * ( 7 + 2 ) = 45 #### 45
"A new building needed 14 windows . The builder had already installed 8 of them . If it takes 8 hours to install each window , how long will it take him to install the rest ?",8 * ( 14 - 8 ) = 48 #### 48
Scarlett made a fruit salad with 0.25 pound of melon and 0.38 pound of berries . How many pounds of fruit did Scarlett use in all ?,0.25 + 0.38 = 0.62 #### 0.62
"Paige had 43 math problems and 12 science problems for homework . If she finished 44 of the problems at school , how many problems did she have to do for homework ?",43 + 12 - 44 = 11 #### 11
"Jason picked 46 pears , Keith picked 47 pears , and Mike picked 12 pears from the pear tree . How many pears were picked in total ?",46 + 47 + 12 = 105 #### 105
Iesha has 344 books . 136 are about school and the rest are about sports . How many books about sports does Iesha have ?,344 - 136 = 208 #### 208
Martha is inviting 4 friends to a party . She has 12 cookies . How many cookies will each friend get ?,12 / 4 = 3 #### 3
"Olivia was making baggies of cookies with 9 cookies in each bag . If she had 13 chocolate chip cookies and 41 oatmeal cookies , how many baggies could she make ?",( 13 + 41 ) / 9 = 6 #### 6
"At the town carnival Oliver rode the ferris wheel 7 times and the bumper cars 3 times . If each ride cost 3 tickets , how many tickets did he use ?",3 * ( 7 + 3 ) = 30 #### 30
"On Saturday , Sara spent $ 10.62 each on 2 tickets to a movie theater . She also rented a movie for $ 1.59 , and bought a movie for $ 13.95 . How much money in total did Sara spend on movies ?",10.62 * 2 + 1.59 = 36.78 #### 36.78
Joan 's cat had 8 kittens . She gave 2 to her friends . How many kittens does she have now ?,8 - 2 = 6 #### 6
"The value of a sport utility vehicle this year is 16000 dollars , which is 0.8 of what its value was last year . How much is the value of the vehicle last year ?",16000 / 0.8 = 20000 #### 20000
"Mark has 13 trees in his backyard . If he plants 12 more , how many trees will he have ?",13 + 12 = 25 #### 25
"Shirley sold 20 boxes of Do - Si - Dos . How many cases of 4 boxes , plus extra boxes does Shirley need to deliver ?",20 / 4 = 5 #### 5
